"bucket","qty","cluster","month"
0,4640,"0",0
15,534958,"0",0
30,366940,"0",0
45,176656,"0",0
60,262440,"0",0
75,65532,"0",0
90,72608,"0",0
105,30648,"0",0
120,127331,"0",0
135,3658,"0",0
150,4567,"0",0
165,1786,"0",0
180,10567,"0",0
195,1219,"0",0
210,1547,"0",0
225,796,"0",0
240,16907,"0",0
0,380,"0",1
15,44076,"0",1
30,29593,"0",1
45,14115,"0",1
60,20158,"0",1
75,5029,"0",1
90,5447,"0",1
105,2302,"0",1
120,9431,"0",1
135,268,"0",1
150,307,"0",1
165,117,"0",1
180,698,"0",1
195,93,"0",1
210,107,"0",1
225,55,"0",1
240,1208,"0",1
0,447,"0",2
15,47260,"0",2
30,31829,"0",2
45,15141,"0",2
60,22544,"0",2
75,5627,"0",2
90,6313,"0",2
105,2658,"0",2
120,10747,"0",2
135,341,"0",2
150,408,"0",2
165,132,"0",2
180,856,"0",2
195,87,"0",2
210,135,"0",2
225,72,"0",2
240,1466,"0",2
0,348,"0",3
15,41238,"0",3
30,28254,"0",3
45,14012,"0",3
60,20374,"0",3
75,5227,"0",3
90,5806,"0",3
105,2463,"0",3
120,9418,"0",3
135,279,"0",3
150,295,"0",3
165,119,"0",3
180,799,"0",3
195,89,"0",3
210,115,"0",3
225,60,"0",3
240,1203,"0",3
0,404,"0",4
15,47359,"0",4
30,32441,"0",4
45,15775,"0",4
60,23202,"0",4
75,5854,"0",4
90,6484,"0",4
105,2839,"0",4
120,11210,"0",4
135,287,"0",4
150,412,"0",4
165,152,"0",4
180,980,"0",4
195,126,"0",4
210,177,"0",4
225,72,"0",4
240,1562,"0",4
0,384,"0",5
15,46386,"0",5
30,31866,"0",5
45,15195,"0",5
60,22800,"0",5
75,5646,"0",5
90,6318,"0",5
105,2621,"0",5
120,10893,"0",5
135,322,"0",5
150,383,"0",5
165,157,"0",5
180,1057,"0",5
195,101,"0",5
210,138,"0",5
225,72,"0",5
240,1601,"0",5
0,355,"0",6
15,39852,"0",6
30,27383,"0",6
45,13438,"0",6
60,20076,"0",6
75,5081,"0",6
90,5478,"0",6
105,2240,"0",6
120,9827,"0",6
135,276,"0",6
150,363,"0",6
165,171,"0",6
180,901,"0",6
195,99,"0",6
210,138,"0",6
225,69,"0",6
240,1317,"0",6
0,387,"0",7
15,43231,"0",7
30,30078,"0",7
45,14457,"0",7
60,21508,"0",7
75,5370,"0",7
90,5899,"0",7
105,2473,"0",7
120,9817,"0",7
135,253,"0",7
150,339,"0",7
165,145,"0",7
180,774,"0",7
195,80,"0",7
210,92,"0",7
225,46,"0",7
240,1234,"0",7
0,376,"0",8
15,45521,"0",8
30,31213,"0",8
45,14896,"0",8
60,22668,"0",8
75,5544,"0",8
90,6086,"0",8
105,2578,"0",8
120,10977,"0",8
135,275,"0",8
150,359,"0",8
165,143,"0",8
180,822,"0",8
195,83,"0",8
210,104,"0",8
225,65,"0",8
240,1347,"0",8
0,360,"0",9
15,42196,"0",9
30,28787,"0",9
45,13674,"0",9
60,20849,"0",9
75,5129,"0",9
90,5764,"0",9
105,2390,"0",9
120,10294,"0",9
135,361,"0",9
150,464,"0",9
165,174,"0",9
180,940,"0",9
195,124,"0",9
210,153,"0",9
225,67,"0",9
240,1700,"0",9
0,439,"0",10
15,48224,"0",10
30,32790,"0",10
45,15628,"0",10
60,23305,"0",10
75,5753,"0",10
90,6465,"0",10
105,2759,"0",10
120,11487,"0",10
135,379,"0",10
150,448,"0",10
165,181,"0",10
180,944,"0",10
195,135,"0",10
210,144,"0",10
225,68,"0",10
240,1555,"0",10
0,379,"0",11
15,42151,"0",11
30,29377,"0",11
45,14092,"0",11
60,22197,"0",11
75,5559,"0",11
90,6107,"0",11
105,2682,"0",11
120,11665,"0",11
135,344,"0",11
150,424,"0",11
165,163,"0",11
180,889,"0",11
195,116,"0",11
210,133,"0",11
225,83,"0",11
240,1305,"0",11
0,381,"0",12
15,47464,"0",12
30,33329,"0",12
45,16233,"0",12
60,22759,"0",12
75,5713,"0",12
90,6441,"0",12
105,2643,"0",12
120,11565,"0",12
135,273,"0",12
150,365,"0",12
165,132,"0",12
180,907,"0",12
195,86,"0",12
210,111,"0",12
225,67,"0",12
240,1409,"0",12
0,261,"7",0
15,17727,"7",0
30,14821,"7",0
45,8987,"7",0
60,21081,"7",0
75,5769,"7",0
90,6976,"7",0
105,3115,"7",0
120,18083,"7",0
135,373,"7",0
150,490,"7",0
165,158,"7",0
180,1045,"7",0
195,130,"7",0
210,176,"7",0
225,97,"7",0
240,1341,"7",0
0,15,"7",1
15,1346,"7",1
30,1057,"7",1
45,666,"7",1
60,1567,"7",1
75,385,"7",1
90,489,"7",1
105,234,"7",1
120,1230,"7",1
135,19,"7",1
150,20,"7",1
165,8,"7",1
180,45,"7",1
195,3,"7",1
210,7,"7",1
225,5,"7",1
240,60,"7",1
0,36,"7",2
15,1581,"7",2
30,1327,"7",2
45,766,"7",2
60,1868,"7",2
75,565,"7",2
90,639,"7",2
105,298,"7",2
120,1610,"7",2
135,36,"7",2
150,40,"7",2
165,9,"7",2
180,80,"7",2
195,13,"7",2
210,11,"7",2
225,11,"7",2
240,118,"7",2
0,22,"7",3
15,1385,"7",3
30,1216,"7",3
45,734,"7",3
60,1702,"7",3
75,507,"7",3
90,560,"7",3
105,249,"7",3
120,1464,"7",3
135,29,"7",3
150,38,"7",3
165,5,"7",3
180,69,"7",3
195,7,"7",3
210,15,"7",3
225,5,"7",3
240,91,"7",3
0,18,"7",4
15,1728,"7",4
30,1418,"7",4
45,817,"7",4
60,1900,"7",4
75,510,"7",4
90,589,"7",4
105,272,"7",4
120,1473,"7",4
135,22,"7",4
150,45,"7",4
165,12,"7",4
180,83,"7",4
195,12,"7",4
210,19,"7",4
225,9,"7",4
240,99,"7",4
0,26,"7",5
15,1593,"7",5
30,1408,"7",5
45,829,"7",5
60,1941,"7",5
75,511,"7",5
90,630,"7",5
105,281,"7",5
120,1642,"7",5
135,28,"7",5
150,28,"7",5
165,9,"7",5
180,88,"7",5
195,12,"7",5
210,20,"7",5
225,4,"7",5
240,107,"7",5
0,17,"7",6
15,1404,"7",6
30,1273,"7",6
45,791,"7",6
60,1795,"7",6
75,484,"7",6
90,577,"7",6
105,263,"7",6
120,1494,"7",6
135,34,"7",6
150,42,"7",6
165,22,"7",6
180,93,"7",6
195,20,"7",6
210,22,"7",6
225,7,"7",6
240,116,"7",6
0,13,"7",7
15,1606,"7",7
30,1322,"7",7
45,853,"7",7
60,1776,"7",7
75,504,"7",7
90,619,"7",7
105,265,"7",7
120,1424,"7",7
135,34,"7",7
150,46,"7",7
165,20,"7",7
180,92,"7",7
195,9,"7",7
210,12,"7",7
225,9,"7",7
240,133,"7",7
0,23,"7",8
15,1628,"7",8
30,1301,"7",8
45,783,"7",8
60,1858,"7",8
75,543,"7",8
90,639,"7",8
105,271,"7",8
120,1718,"7",8
135,40,"7",8
150,48,"7",8
165,20,"7",8
180,104,"7",8
195,12,"7",8
210,13,"7",8
225,13,"7",8
240,168,"7",8
0,14,"7",9
15,1476,"7",9
30,1249,"7",9
45,679,"7",9
60,1781,"7",9
75,450,"7",9
90,555,"7",9
105,244,"7",9
120,1442,"7",9
135,38,"7",9
150,58,"7",9
165,15,"7",9
180,127,"7",9
195,13,"7",9
210,20,"7",9
225,12,"7",9
240,133,"7",9
0,29,"7",10
15,1574,"7",10
30,1255,"7",10
45,819,"7",10
60,1846,"7",10
75,519,"7",10
90,601,"7",10
105,262,"7",10
120,1554,"7",10
135,33,"7",10
150,51,"7",10
165,15,"7",10
180,115,"7",10
195,11,"7",10
210,17,"7",10
225,8,"7",10
240,139,"7",10
0,25,"7",11
15,1151,"7",11
30,938,"7",11
45,600,"7",11
60,1557,"7",11
75,419,"7",11
90,557,"7",11
105,239,"7",11
120,1555,"7",11
135,37,"7",11
150,43,"7",11
165,14,"7",11
180,88,"7",11
195,10,"7",11
210,11,"7",11
225,9,"7",11
240,100,"7",11
0,23,"7",12
15,1255,"7",12
30,1057,"7",12
45,650,"7",12
60,1490,"7",12
75,372,"7",12
90,521,"7",12
105,237,"7",12
120,1477,"7",12
135,23,"7",12
150,31,"7",12
165,9,"7",12
180,61,"7",12
195,8,"7",12
210,9,"7",12
225,5,"7",12
240,77,"7",12
0,223,"4",0
15,99069,"4",0
30,49617,"4",0
45,19870,"4",0
60,22614,"4",0
75,5216,"4",0
90,5888,"4",0
105,2377,"4",0
120,7516,"4",0
135,125,"4",0
150,110,"4",0
165,69,"4",0
180,213,"4",0
195,28,"4",0
210,37,"4",0
225,21,"4",0
240,308,"4",0
0,15,"4",1
15,7816,"4",1
30,3787,"4",1
45,1457,"4",1
60,1610,"4",1
75,394,"4",1
90,402,"4",1
105,158,"4",1
120,559,"4",1
135,10,"4",1
150,8,"4",1
165,5,"4",1
180,10,"4",1
195,1,"4",1
210,3,"4",1
225,2,"4",1
240,35,"4",1
0,20,"4",2
15,8567,"4",2
30,4225,"4",2
45,1729,"4",2
60,1874,"4",2
75,430,"4",2
90,492,"4",2
105,188,"4",2
120,672,"4",2
135,6,"4",2
150,10,"4",2
165,1,"4",2
180,10,"4",2
195,0,"4",2
210,4,"4",2
225,0,"4",2
240,36,"4",2
0,11,"4",3
15,7500,"4",3
30,3944,"4",3
45,1573,"4",3
60,1756,"4",3
75,380,"4",3
90,471,"4",3
105,167,"4",3
120,509,"4",3
135,9,"4",3
150,8,"4",3
165,3,"4",3
180,21,"4",3
195,0,"4",3
210,2,"4",3
225,4,"4",3
240,24,"4",3
0,22,"4",4
15,8630,"4",4
30,4192,"4",4
45,1739,"4",4
60,1946,"4",4
75,468,"4",4
90,509,"4",4
105,197,"4",4
120,613,"4",4
135,8,"4",4
150,10,"4",4
165,8,"4",4
180,15,"4",4
195,0,"4",4
210,2,"4",4
225,1,"4",4
240,35,"4",4
0,14,"4",5
15,8350,"4",5
30,4150,"4",5
45,1662,"4",5
60,1843,"4",5
75,416,"4",5
90,483,"4",5
105,195,"4",5
120,556,"4",5
135,10,"4",5
150,3,"4",5
165,8,"4",5
180,14,"4",5
195,2,"4",5
210,1,"4",5
225,0,"4",5
240,37,"4",5
0,27,"4",6
15,7035,"4",6
30,3594,"4",6
45,1460,"4",6
60,1620,"4",6
75,425,"4",6
90,433,"4",6
105,179,"4",6
120,544,"4",6
135,6,"4",6
150,7,"4",6
165,3,"4",6
180,13,"4",6
195,4,"4",6
210,4,"4",6
225,1,"4",6
240,24,"4",6
0,28,"4",7
15,7537,"4",7
30,3860,"4",7
45,1531,"4",7
60,1752,"4",7
75,433,"4",7
90,463,"4",7
105,198,"4",7
120,618,"4",7
135,7,"4",7
150,12,"4",7
165,1,"4",7
180,10,"4",7
195,1,"4",7
210,1,"4",7
225,5,"4",7
240,13,"4",7
0,12,"4",8
15,8262,"4",8
30,4138,"4",8
45,1667,"4",8
60,1935,"4",8
75,416,"4",8
90,476,"4",8
105,207,"4",8
120,668,"4",8
135,11,"4",8
150,3,"4",8
165,7,"4",8
180,21,"4",8
195,2,"4",8
210,2,"4",8
225,1,"4",8
240,29,"4",8
0,15,"4",9
15,8119,"4",9
30,3911,"4",9
45,1535,"4",9
60,1908,"4",9
75,382,"4",9
90,501,"4",9
105,204,"4",9
120,609,"4",9
135,11,"4",9
150,21,"4",9
165,7,"4",9
180,18,"4",9
195,4,"4",9
210,4,"4",9
225,1,"4",9
240,22,"4",9
0,16,"4",10
15,9132,"4",10
30,4509,"4",10
45,1823,"4",10
60,2020,"4",10
75,453,"4",10
90,534,"4",10
105,213,"4",10
120,660,"4",10
135,13,"4",10
150,7,"4",10
165,7,"4",10
180,21,"4",10
195,4,"4",10
210,4,"4",10
225,2,"4",10
240,11,"4",10
0,23,"4",11
15,8625,"4",11
30,4423,"4",11
45,1756,"4",11
60,2172,"4",11
75,495,"4",11
90,546,"4",11
105,260,"4",11
120,827,"4",11
135,23,"4",11
150,8,"4",11
165,16,"4",11
180,32,"4",11
195,6,"4",11
210,6,"4",11
225,1,"4",11
240,28,"4",11
0,20,"4",12
15,9496,"4",12
30,4884,"4",12
45,1938,"4",12
60,2178,"4",12
75,524,"4",12
90,578,"4",12
105,211,"4",12
120,681,"4",12
135,11,"4",12
150,13,"4",12
165,3,"4",12
180,28,"4",12
195,4,"4",12
210,4,"4",12
225,3,"4",12
240,14,"4",12
0,895,"8",0
15,184697,"8",0
30,137417,"8",0
45,63598,"8",0
60,76759,"8",0
75,18549,"8",0
90,18517,"8",0
105,8286,"8",0
120,26074,"8",0
135,600,"8",0
150,717,"8",0
165,371,"8",0
180,1632,"8",0
195,180,"8",0
210,210,"8",0
225,167,"8",0
240,2764,"8",0
0,74,"8",1
15,14956,"8",1
30,10461,"8",1
45,4590,"8",1
60,5506,"8",1
75,1276,"8",1
90,1222,"8",1
105,522,"8",1
120,1727,"8",1
135,43,"8",1
150,54,"8",1
165,30,"8",1
180,116,"8",1
195,19,"8",1
210,11,"8",1
225,16,"8",1
240,274,"8",1
0,73,"8",2
15,15830,"8",2
30,11396,"8",2
45,5063,"8",2
60,6135,"8",2
75,1422,"8",2
90,1424,"8",2
105,634,"8",2
120,2003,"8",2
135,51,"8",2
150,58,"8",2
165,35,"8",2
180,109,"8",2
195,5,"8",2
210,20,"8",2
225,13,"8",2
240,283,"8",2
0,75,"8",3
15,13991,"8",3
30,10424,"8",3
45,5157,"8",3
60,6120,"8",3
75,1511,"8",3
90,1539,"8",3
105,715,"8",3
120,1951,"8",3
135,50,"8",3
150,43,"8",3
165,36,"8",3
180,139,"8",3
195,16,"8",3
210,16,"8",3
225,10,"8",3
240,201,"8",3
0,65,"8",4
15,15775,"8",4
30,11561,"8",4
45,5281,"8",4
60,6402,"8",4
75,1536,"8",4
90,1587,"8",4
105,712,"8",4
120,2118,"8",4
135,41,"8",4
150,61,"8",4
165,17,"8",4
180,121,"8",4
195,9,"8",4
210,16,"8",4
225,7,"8",4
240,230,"8",4
0,72,"8",5
15,16278,"8",5
30,12055,"8",5
45,5489,"8",5
60,6652,"8",5
75,1591,"8",5
90,1603,"8",5
105,702,"8",5
120,2017,"8",5
135,43,"8",5
150,63,"8",5
165,25,"8",5
180,142,"8",5
195,11,"8",5
210,13,"8",5
225,16,"8",5
240,251,"8",5
0,47,"8",6
15,13613,"8",6
30,10194,"8",6
45,4705,"8",6
60,5669,"8",6
75,1329,"8",6
90,1308,"8",6
105,586,"8",6
120,1770,"8",6
135,45,"8",6
150,44,"8",6
165,36,"8",6
180,138,"8",6
195,18,"8",6
210,16,"8",6
225,10,"8",6
240,228,"8",6
0,81,"8",7
15,14853,"8",7
30,11223,"8",7
45,5183,"8",7
60,6287,"8",7
75,1546,"8",7
90,1526,"8",7
105,701,"8",7
120,2041,"8",7
135,52,"8",7
150,59,"8",7
165,37,"8",7
180,139,"8",7
195,20,"8",7
210,12,"8",7
225,16,"8",7
240,225,"8",7
0,75,"8",8
15,16107,"8",8
30,11940,"8",8
45,5446,"8",8
60,6808,"8",8
75,1562,"8",8
90,1569,"8",8
105,724,"8",8
120,2356,"8",8
135,44,"8",8
150,53,"8",8
165,27,"8",8
180,129,"8",8
195,15,"8",8
210,15,"8",8
225,9,"8",8
240,230,"8",8
0,64,"8",9
15,14733,"8",9
30,10951,"8",9
45,5025,"8",9
60,5961,"8",9
75,1426,"8",9
90,1431,"8",9
105,597,"8",9
120,2201,"8",9
135,49,"8",9
150,49,"8",9
165,22,"8",9
180,127,"8",9
195,14,"8",9
210,14,"8",9
225,9,"8",9
240,231,"8",9
0,84,"8",10
15,17240,"8",10
30,12705,"8",10
45,5791,"8",10
60,7026,"8",10
75,1642,"8",10
90,1675,"8",10
105,745,"8",10
120,2453,"8",10
135,66,"8",10
150,86,"8",10
165,35,"8",10
180,136,"8",10
195,16,"8",10
210,23,"8",10
225,14,"8",10
240,186,"8",10
0,95,"8",11
15,14526,"8",11
30,11288,"8",11
45,5334,"8",11
60,6746,"8",11
75,1793,"8",11
90,1643,"8",11
105,776,"8",11
120,2651,"8",11
135,51,"8",11
150,79,"8",11
165,39,"8",11
180,164,"8",11
195,25,"8",11
210,27,"8",11
225,22,"8",11
240,211,"8",11
0,90,"8",12
15,16795,"8",12
30,13219,"8",12
45,6534,"8",12
60,7447,"8",12
75,1915,"8",12
90,1990,"8",12
105,872,"8",12
120,2786,"8",12
135,65,"8",12
150,68,"8",12
165,32,"8",12
180,172,"8",12
195,12,"8",12
210,27,"8",12
225,25,"8",12
240,214,"8",12
0,1347,"5",0
15,78258,"5",0
30,60461,"5",0
45,35166,"5",0
60,64711,"5",0
75,16467,"5",0
90,18248,"5",0
105,9315,"5",0
120,44802,"5",0
135,79,"5",0
150,122,"5",0
165,38,"5",0
180,314,"5",0
195,32,"5",0
210,41,"5",0
225,22,"5",0
240,523,"5",0
0,137,"5",1
15,7142,"5",1
30,5665,"5",1
45,3381,"5",1
60,5421,"5",1
75,1464,"5",1
90,1533,"5",1
105,780,"5",1
120,3645,"5",1
135,5,"5",1
150,8,"5",1
165,2,"5",1
180,21,"5",1
195,2,"5",1
210,5,"5",1
225,1,"5",1
240,34,"5",1
0,123,"5",2
15,7146,"5",2
30,5429,"5",2
45,3195,"5",2
60,5810,"5",2
75,1409,"5",2
90,1658,"5",2
105,851,"5",2
120,3936,"5",2
135,5,"5",2
150,10,"5",2
165,2,"5",2
180,24,"5",2
195,0,"5",2
210,3,"5",2
225,3,"5",2
240,31,"5",2
0,104,"5",3
15,6103,"5",3
30,4690,"5",3
45,2742,"5",3
60,4983,"5",3
75,1280,"5",3
90,1396,"5",3
105,766,"5",3
120,3377,"5",3
135,6,"5",3
150,10,"5",3
165,1,"5",3
180,19,"5",3
195,2,"5",3
210,4,"5",3
225,4,"5",3
240,26,"5",3
0,127,"5",4
15,7027,"5",4
30,5527,"5",4
45,3244,"5",4
60,5799,"5",4
75,1508,"5",4
90,1659,"5",4
105,961,"5",4
120,4141,"5",4
135,7,"5",4
150,9,"5",4
165,4,"5",4
180,33,"5",4
195,0,"5",4
210,3,"5",4
225,1,"5",4
240,58,"5",4
0,119,"5",5
15,6741,"5",5
30,5215,"5",5
45,2969,"5",5
60,5556,"5",5
75,1379,"5",5
90,1671,"5",5
105,807,"5",5
120,3936,"5",5
135,11,"5",5
150,12,"5",5
165,1,"5",5
180,20,"5",5
195,3,"5",5
210,5,"5",5
225,1,"5",5
240,53,"5",5
0,121,"5",6
15,5900,"5",6
30,4482,"5",6
45,2701,"5",6
60,4894,"5",6
75,1231,"5",6
90,1348,"5",6
105,662,"5",6
120,3487,"5",6
135,9,"5",6
150,14,"5",6
165,6,"5",6
180,24,"5",6
195,8,"5",6
210,4,"5",6
225,2,"5",6
240,54,"5",6
0,98,"5",7
15,6542,"5",7
30,5083,"5",7
45,2875,"5",7
60,5372,"5",7
75,1405,"5",7
90,1480,"5",7
105,763,"5",7
120,3331,"5",7
135,9,"5",7
150,6,"5",7
165,3,"5",7
180,29,"5",7
195,7,"5",7
210,3,"5",7
225,1,"5",7
240,46,"5",7
0,80,"5",8
15,6461,"5",8
30,4897,"5",8
45,2828,"5",8
60,5389,"5",8
75,1365,"5",8
90,1472,"5",8
105,722,"5",8
120,3580,"5",8
135,7,"5",8
150,12,"5",8
165,2,"5",8
180,25,"5",8
195,0,"5",8
210,2,"5",8
225,1,"5",8
240,44,"5",8
0,90,"5",9
15,5805,"5",9
30,4479,"5",9
45,2526,"5",9
60,4881,"5",9
75,1249,"5",9
90,1392,"5",9
105,666,"5",9
120,3488,"5",9
135,2,"5",9
150,17,"5",9
165,4,"5",9
180,27,"5",9
195,5,"5",9
210,5,"5",9
225,1,"5",9
240,39,"5",9
0,133,"5",10
15,6837,"5",10
30,5286,"5",10
45,2933,"5",10
60,5642,"5",10
75,1458,"5",10
90,1543,"5",10
105,814,"5",10
120,3915,"5",10
135,6,"5",10
150,8,"5",10
165,2,"5",10
180,35,"5",10
195,2,"5",10
210,1,"5",10
225,3,"5",10
240,56,"5",10
0,101,"5",11
15,5937,"5",11
30,4547,"5",11
45,2666,"5",11
60,5399,"5",11
75,1333,"5",11
90,1502,"5",11
105,791,"5",11
120,3934,"5",11
135,6,"5",11
150,8,"5",11
165,5,"5",11
180,29,"5",11
195,2,"5",11
210,3,"5",11
225,2,"5",11
240,49,"5",11
0,114,"5",12
15,6617,"5",12
30,5161,"5",12
45,3106,"5",12
60,5565,"5",12
75,1386,"5",12
90,1594,"5",12
105,732,"5",12
120,4032,"5",12
135,6,"5",12
150,8,"5",12
165,6,"5",12
180,28,"5",12
195,1,"5",12
210,3,"5",12
225,2,"5",12
240,33,"5",12
0,718,"1",0
15,14460,"1",0
30,12987,"1",0
45,9869,"1",0
60,23654,"1",0
75,6790,"1",0
90,8996,"1",0
105,2864,"1",0
120,13298,"1",0
135,1196,"1",0
150,1573,"1",0
165,525,"1",0
180,3735,"1",0
195,416,"1",0
210,548,"1",0
225,255,"1",0
240,6681,"1",0
0,51,"1",1
15,1197,"1",1
30,1023,"1",1
45,836,"1",1
60,1824,"1",1
75,537,"1",1
90,725,"1",1
105,252,"1",1
120,983,"1",1
135,89,"1",1
150,107,"1",1
165,36,"1",1
180,262,"1",1
195,32,"1",1
210,48,"1",1
225,12,"1",1
240,470,"1",1
0,70,"1",2
15,1316,"1",2
30,1164,"1",2
45,860,"1",2
60,1972,"1",2
75,625,"1",2
90,851,"1",2
105,268,"1",2
120,1096,"1",2
135,138,"1",2
150,152,"1",2
165,45,"1",2
180,300,"1",2
195,32,"1",2
210,59,"1",2
225,20,"1",2
240,578,"1",2
0,68,"1",3
15,1259,"1",3
30,1029,"1",3
45,763,"1",3
60,1786,"1",3
75,505,"1",3
90,673,"1",3
105,203,"1",3
120,910,"1",3
135,84,"1",3
150,91,"1",3
165,27,"1",3
180,290,"1",3
195,26,"1",3
210,38,"1",3
225,19,"1",3
240,515,"1",3
0,56,"1",4
15,1263,"1",4
30,1191,"1",4
45,840,"1",4
60,2145,"1",4
75,636,"1",4
90,826,"1",4
105,248,"1",4
120,1231,"1",4
135,85,"1",4
150,136,"1",4
165,33,"1",4
180,334,"1",4
195,51,"1",4
210,55,"1",4
225,39,"1",4
240,552,"1",4
0,66,"1",5
15,1228,"1",5
30,1140,"1",5
45,836,"1",5
60,2080,"1",5
75,596,"1",5
90,799,"1",5
105,241,"1",5
120,1199,"1",5
135,99,"1",5
150,142,"1",5
165,51,"1",5
180,423,"1",5
195,32,"1",5
210,50,"1",5
225,22,"1",5
240,583,"1",5
0,50,"1",6
15,1193,"1",6
30,1091,"1",6
45,823,"1",6
60,1992,"1",6
75,624,"1",6
90,727,"1",6
105,224,"1",6
120,1141,"1",6
135,90,"1",6
150,151,"1",6
165,54,"1",6
180,356,"1",6
195,25,"1",6
210,46,"1",6
225,22,"1",6
240,468,"1",6
0,60,"1",7
15,1135,"1",7
30,1055,"1",7
45,805,"1",7
60,1935,"1",7
75,486,"1",7
90,673,"1",7
105,163,"1",7
120,1011,"1",7
135,53,"1",7
150,88,"1",7
165,23,"1",7
180,223,"1",7
195,16,"1",7
210,22,"1",7
225,6,"1",7
240,385,"1",7
0,68,"1",8
15,1229,"1",8
30,1128,"1",8
45,885,"1",8
60,2080,"1",8
75,576,"1",8
90,739,"1",8
105,249,"1",8
120,1105,"1",8
135,70,"1",8
150,107,"1",8
165,28,"1",8
180,239,"1",8
195,20,"1",8
210,32,"1",8
225,26,"1",8
240,452,"1",8
0,71,"1",9
15,1229,"1",9
30,1113,"1",9
45,880,"1",9
60,2050,"1",9
75,584,"1",9
90,754,"1",9
105,290,"1",9
120,1174,"1",9
135,148,"1",9
150,195,"1",9
165,76,"1",9
180,380,"1",9
195,62,"1",9
210,65,"1",9
225,28,"1",9
240,839,"1",9
0,54,"1",10
15,1306,"1",10
30,1179,"1",10
45,878,"1",10
60,2062,"1",10
75,592,"1",10
90,816,"1",10
105,278,"1",10
120,1205,"1",10
135,159,"1",10
150,151,"1",10
165,68,"1",10
180,335,"1",10
195,58,"1",10
210,58,"1",10
225,25,"1",10
240,766,"1",10
0,56,"1",11
15,1053,"1",11
30,932,"1",11
45,739,"1",11
60,1926,"1",11
75,523,"1",11
90,702,"1",11
105,234,"1",11
120,1096,"1",11
135,104,"1",11
150,131,"1",11
165,50,"1",11
180,281,"1",11
195,33,"1",11
210,46,"1",11
225,24,"1",11
240,498,"1",11
0,48,"1",12
15,1052,"1",12
30,942,"1",12
45,724,"1",12
60,1802,"1",12
75,506,"1",12
90,711,"1",12
105,214,"1",12
120,1147,"1",12
135,77,"1",12
150,122,"1",12
165,34,"1",12
180,312,"1",12
195,29,"1",12
210,29,"1",12
225,12,"1",12
240,575,"1",12
0,948,"3",0
15,48351,"3",0
30,43234,"3",0
45,24827,"3",0
60,37708,"3",0
75,9522,"3",0
90,10288,"3",0
105,3428,"3",0
120,11756,"3",0
135,777,"3",0
150,878,"3",0
165,305,"3",0
180,1826,"3",0
195,231,"3",0
210,279,"3",0
225,137,"3",0
240,2632,"3",0
0,79,"3",1
15,4387,"3",1
30,3868,"3",1
45,2168,"3",1
60,3193,"3",1
75,782,"3",1
90,850,"3",1
105,276,"3",1
120,945,"3",1
135,71,"3",1
150,81,"3",1
165,20,"3",1
180,173,"3",1
195,28,"3",1
210,24,"3",1
225,14,"3",1
240,242,"3",1
0,103,"3",2
15,4614,"3",2
30,4100,"3",2
45,2311,"3",2
60,3533,"3",2
75,897,"3",2
90,951,"3",2
105,303,"3",2
120,967,"3",2
135,66,"3",2
150,73,"3",2
165,24,"3",2
180,192,"3",2
195,27,"3",2
210,22,"3",2
225,16,"3",2
240,270,"3",2
0,59,"3",3
15,3877,"3",3
30,3185,"3",3
45,1883,"3",3
60,2815,"3",3
75,768,"3",3
90,863,"3",3
105,270,"3",3
120,810,"3",3
135,57,"3",3
150,59,"3",3
165,20,"3",3
180,133,"3",3
195,20,"3",3
210,21,"3",3
225,9,"3",3
240,195,"3",3
0,98,"3",4
15,4752,"3",4
30,4180,"3",4
45,2496,"3",4
60,3577,"3",4
75,893,"3",4
90,980,"3",4
105,337,"3",4
120,1105,"3",4
135,71,"3",4
150,87,"3",4
165,42,"3",4
180,190,"3",4
195,33,"3",4
210,41,"3",4
225,9,"3",4
240,281,"3",4
0,71,"3",5
15,4401,"3",5
30,3833,"3",5
45,2260,"3",5
60,3347,"3",5
75,870,"3",5
90,860,"3",5
105,310,"3",5
120,1080,"3",5
135,85,"3",5
150,79,"3",5
165,31,"3",5
180,189,"3",5
195,16,"3",5
210,21,"3",5
225,20,"3",5
240,262,"3",5
0,68,"3",6
15,3556,"3",6
30,3194,"3",6
45,1855,"3",6
60,2923,"3",6
75,741,"3",6
90,804,"3",6
105,236,"3",6
120,918,"3",6
135,57,"3",6
150,64,"3",6
165,20,"3",6
180,136,"3",6
195,12,"3",6
210,23,"3",6
225,19,"3",6
240,212,"3",6
0,84,"3",7
15,3960,"3",7
30,3651,"3",7
45,2097,"3",7
60,3144,"3",7
75,789,"3",7
90,834,"3",7
105,274,"3",7
120,947,"3",7
135,57,"3",7
150,77,"3",7
165,26,"3",7
180,138,"3",7
195,17,"3",7
210,16,"3",7
225,6,"3",7
240,157,"3",7
0,88,"3",8
15,4151,"3",8
30,3702,"3",8
45,2091,"3",8
60,3239,"3",8
75,806,"3",8
90,912,"3",8
105,307,"3",8
120,1026,"3",8
135,60,"3",8
150,71,"3",8
165,33,"3",8
180,136,"3",8
195,7,"3",8
210,18,"3",8
225,6,"3",8
240,189,"3",8
0,93,"3",9
15,3756,"3",9
30,3516,"3",9
45,1999,"3",9
60,3125,"3",9
75,813,"3",9
90,863,"3",9
105,288,"3",9
120,948,"3",9
135,76,"3",9
150,65,"3",9
165,29,"3",9
180,147,"3",9
195,16,"3",9
210,31,"3",9
225,7,"3",9
240,210,"3",9
0,99,"3",10
15,4188,"3",10
30,3855,"3",10
45,2213,"3",10
60,3380,"3",10
75,839,"3",10
90,955,"3",10
105,334,"3",10
120,1143,"3",10
135,63,"3",10
150,88,"3",10
165,29,"3",10
180,138,"3",10
195,24,"3",10
210,25,"3",10
225,10,"3",10
240,180,"3",10
0,53,"3",11
15,3369,"3",11
30,3140,"3",11
45,1747,"3",11
60,2875,"3",11
75,668,"3",11
90,771,"3",11
105,261,"3",11
120,977,"3",11
135,66,"3",11
150,78,"3",11
165,16,"3",11
180,130,"3",11
195,13,"3",11
210,19,"3",11
225,7,"3",11
240,190,"3",11
0,53,"3",12
15,3340,"3",12
30,3010,"3",12
45,1707,"3",12
60,2557,"3",12
75,656,"3",12
90,645,"3",12
105,232,"3",12
120,890,"3",12
135,48,"3",12
150,56,"3",12
165,15,"3",12
180,124,"3",12
195,18,"3",12
210,18,"3",12
225,14,"3",12
240,244,"3",12
0,108,"2",0
15,2992,"2",0
30,2890,"2",0
45,1723,"2",0
60,3392,"2",0
75,873,"2",0
90,1233,"2",0
105,403,"2",0
120,2176,"2",0
135,264,"2",0
150,366,"2",0
165,158,"2",0
180,1133,"2",0
195,111,"2",0
210,164,"2",0
225,40,"2",0
240,1993,"2",0
0,3,"2",1
15,124,"2",1
30,117,"2",1
45,55,"2",1
60,111,"2",1
75,26,"2",1
90,45,"2",1
105,19,"2",1
120,99,"2",1
135,8,"2",1
150,11,"2",1
165,5,"2",1
180,36,"2",1
195,3,"2",1
210,2,"2",1
225,0,"2",1
240,58,"2",1
0,10,"2",2
15,259,"2",2
30,237,"2",2
45,141,"2",2
60,292,"2",2
75,93,"2",2
90,112,"2",2
105,45,"2",2
120,199,"2",2
135,24,"2",2
150,38,"2",2
165,6,"2",2
180,85,"2",2
195,6,"2",2
210,10,"2",2
225,5,"2",2
240,103,"2",2
0,4,"2",3
15,252,"2",3
30,194,"2",3
45,142,"2",3
60,266,"2",3
75,68,"2",3
90,98,"2",3
105,30,"2",3
120,128,"2",3
135,18,"2",3
150,24,"2",3
165,12,"2",3
180,76,"2",3
195,12,"2",3
210,12,"2",3
225,6,"2",3
240,117,"2",3
0,8,"2",4
15,342,"2",4
30,350,"2",4
45,197,"2",4
60,348,"2",4
75,99,"2",4
90,114,"2",4
105,38,"2",4
120,233,"2",4
135,35,"2",4
150,45,"2",4
165,24,"2",4
180,155,"2",4
195,13,"2",4
210,28,"2",4
225,2,"2",4
240,265,"2",4
0,8,"2",5
15,326,"2",5
30,300,"2",5
45,189,"2",5
60,372,"2",5
75,95,"2",5
90,95,"2",5
105,29,"2",5
120,199,"2",5
135,26,"2",5
150,34,"2",5
165,18,"2",5
180,132,"2",5
195,20,"2",5
210,19,"2",5
225,4,"2",5
240,258,"2",5
0,12,"2",6
15,287,"2",6
30,291,"2",6
45,162,"2",6
60,319,"2",6
75,84,"2",6
90,106,"2",6
105,31,"2",6
120,188,"2",6
135,17,"2",6
150,18,"2",6
165,14,"2",6
180,97,"2",6
195,9,"2",6
210,18,"2",6
225,6,"2",6
240,177,"2",6
0,17,"2",7
15,277,"2",7
30,279,"2",7
45,148,"2",7
60,284,"2",7
75,62,"2",7
90,101,"2",7
105,34,"2",7
120,172,"2",7
135,25,"2",7
150,33,"2",7
165,21,"2",7
180,89,"2",7
195,6,"2",7
210,16,"2",7
225,2,"2",7
240,224,"2",7
0,14,"2",8
15,293,"2",8
30,287,"2",8
45,156,"2",8
60,337,"2",8
75,77,"2",8
90,117,"2",8
105,32,"2",8
120,209,"2",8
135,28,"2",8
150,38,"2",8
165,16,"2",8
180,110,"2",8
195,12,"2",8
210,18,"2",8
225,4,"2",8
240,185,"2",8
0,5,"2",9
15,237,"2",9
30,210,"2",9
45,130,"2",9
60,222,"2",9
75,64,"2",9
90,89,"2",9
105,39,"2",9
120,175,"2",9
135,16,"2",9
150,35,"2",9
165,9,"2",9
180,63,"2",9
195,4,"2",9
210,6,"2",9
225,2,"2",9
240,178,"2",9
0,10,"2",10
15,209,"2",10
30,201,"2",10
45,141,"2",10
60,282,"2",10
75,69,"2",10
90,123,"2",10
105,36,"2",10
120,185,"2",10
135,24,"2",10
150,29,"2",10
165,12,"2",10
180,93,"2",10
195,9,"2",10
210,11,"2",10
225,3,"2",10
240,145,"2",10
0,7,"2",11
15,190,"2",11
30,186,"2",11
45,117,"2",11
60,283,"2",11
75,68,"2",11
90,125,"2",11
105,28,"2",11
120,216,"2",11
135,28,"2",11
150,33,"2",11
165,10,"2",11
180,90,"2",11
195,9,"2",11
210,12,"2",11
225,5,"2",11
240,117,"2",11
0,10,"2",12
15,196,"2",12
30,238,"2",12
45,145,"2",12
60,276,"2",12
75,68,"2",12
90,108,"2",12
105,42,"2",12
120,173,"2",12
135,15,"2",12
150,28,"2",12
165,11,"2",12
180,107,"2",12
195,8,"2",12
210,12,"2",12
225,1,"2",12
240,166,"2",12
0,140,"6",0
15,89404,"6",0
30,45513,"6",0
45,12616,"6",0
60,12521,"6",0
75,2346,"6",0
90,2462,"6",0
105,860,"6",0
120,3626,"6",0
135,244,"6",0
150,311,"6",0
165,162,"6",0
180,669,"6",0
195,91,"6",0
210,92,"6",0
225,57,"6",0
240,665,"6",0
0,6,"6",1
15,7108,"6",1
30,3615,"6",1
45,962,"6",1
60,926,"6",1
75,165,"6",1
90,181,"6",1
105,61,"6",1
120,243,"6",1
135,23,"6",1
150,18,"6",1
165,11,"6",1
180,35,"6",1
195,5,"6",1
210,7,"6",1
225,5,"6",1
240,35,"6",1
0,12,"6",2
15,7947,"6",2
30,3951,"6",2
45,1076,"6",2
60,1060,"6",2
75,186,"6",2
90,186,"6",2
105,71,"6",2
120,264,"6",2
135,15,"6",2
150,27,"6",2
165,10,"6",2
180,56,"6",2
195,4,"6",2
210,6,"6",2
225,4,"6",2
240,47,"6",2
0,5,"6",3
15,6871,"6",3
30,3572,"6",3
45,1018,"6",3
60,946,"6",3
75,208,"6",3
90,206,"6",3
105,63,"6",3
120,269,"6",3
135,26,"6",3
150,22,"6",3
165,15,"6",3
180,52,"6",3
195,6,"6",3
210,7,"6",3
225,3,"6",3
240,34,"6",3
0,10,"6",4
15,7842,"6",4
30,4022,"6",4
45,1161,"6",4
60,1085,"6",4
75,204,"6",4
90,220,"6",4
105,74,"6",4
120,296,"6",4
135,18,"6",4
150,19,"6",4
165,12,"6",4
180,49,"6",4
195,8,"6",4
210,13,"6",4
225,4,"6",4
240,42,"6",4
0,8,"6",5
15,7469,"6",5
30,3765,"6",5
45,961,"6",5
60,1009,"6",5
75,188,"6",5
90,177,"6",5
105,56,"6",5
120,264,"6",5
135,20,"6",5
150,22,"6",5
165,14,"6",5
180,49,"6",5
195,5,"6",5
210,9,"6",5
225,5,"6",5
240,50,"6",5
0,13,"6",6
15,6864,"6",6
30,3264,"6",6
45,941,"6",6
60,864,"6",6
75,163,"6",6
90,175,"6",6
105,59,"6",6
120,285,"6",6
135,18,"6",6
150,23,"6",6
165,16,"6",6
180,44,"6",6
195,3,"6",6
210,5,"6",6
225,2,"6",6
240,38,"6",6
0,6,"6",7
15,7321,"6",7
30,3605,"6",7
45,965,"6",7
60,958,"6",7
75,145,"6",7
90,203,"6",7
105,75,"6",7
120,273,"6",7
135,16,"6",7
150,18,"6",7
165,14,"6",7
180,54,"6",7
195,4,"6",7
210,10,"6",7
225,1,"6",7
240,51,"6",7
0,16,"6",8
15,7390,"6",8
30,3820,"6",8
45,1040,"6",8
60,1022,"6",8
75,199,"6",8
90,162,"6",8
105,66,"6",8
120,315,"6",8
135,15,"6",8
150,27,"6",8
165,10,"6",8
180,58,"6",8
195,15,"6",8
210,4,"6",8
225,5,"6",8
240,50,"6",8
0,8,"6",9
15,6841,"6",9
30,3358,"6",9
45,900,"6",9
60,921,"6",9
75,161,"6",9
90,179,"6",9
105,62,"6",9
120,257,"6",9
135,21,"6",9
150,24,"6",9
165,12,"6",9
180,51,"6",9
195,6,"6",9
210,8,"6",9
225,7,"6",9
240,48,"6",9
0,14,"6",10
15,7738,"6",10
30,3800,"6",10
45,1030,"6",10
60,1047,"6",10
75,181,"6",10
90,218,"6",10
105,77,"6",10
120,372,"6",10
135,15,"6",10
150,28,"6",10
165,13,"6",10
180,71,"6",10
195,11,"6",10
210,5,"6",10
225,3,"6",10
240,72,"6",10
0,19,"6",11
15,7300,"6",11
30,3923,"6",11
45,1133,"6",11
60,1239,"6",11
75,260,"6",11
90,261,"6",11
105,93,"6",11
120,409,"6",11
135,29,"6",11
150,44,"6",11
165,13,"6",11
180,75,"6",11
195,18,"6",11
210,9,"6",11
225,13,"6",11
240,112,"6",11
0,23,"6",12
15,8713,"6",12
30,4818,"6",12
45,1429,"6",12
60,1444,"6",12
75,286,"6",12
90,294,"6",12
105,103,"6",12
120,379,"6",12
135,28,"6",12
150,39,"6",12
165,22,"6",12
180,75,"6",12
195,6,"6",12
210,9,"6",12
225,5,"6",12
240,86,"6",12
