"cluster","month","day","ave_occupancy"
"1",1,1,0.0015771526001705
"1",1,2,0.202045834777612
"1",1,3,0.243200153249706
"1",1,4,0.242340566331935
"1",1,5,0.25159588599806
"1",1,6,0.167533344035902
"1",1,8,0.188038288437905
"1",1,9,0.243268649686488
"1",1,10,0.216539624413665
"1",1,11,0.181213498245148
"1",1,12,0.241252080542362
"1",1,13,0.164448790056207
"1",1,15,0
"1",1,16,0.325842734985957
"1",1,17,0.339931355941586
"1",1,18,0.234977249235561
"1",1,19,0.277661846359097
"1",1,20,0.189898344054354
"1",1,22,0.305163087303433
"1",1,23,0.303704447193897
"1",1,24,0.365585026830231
"1",1,25,0.361948658580692
"1",1,26,0.257325716518491
"1",1,27,0.220955981713654
"1",1,29,0.368742238331433
"1",1,30,0.314823299214284
"1",1,31,0.349240984931522
"1",2,1,0.421303236050679
"1",2,2,0.307004464525245
"1",2,3,0.165212086151984
"1",2,5,0.319673241826375
"1",2,6,0.313856386757602
"1",2,7,0.348137219061132
"1",2,8,0.366371245797397
"1",2,9,0.304317134627237
"1",2,10,0.162512086521038
"1",2,12,0.29371730642191
"1",2,13,0.290137991626163
"1",2,14,0.336333339153032
"1",2,15,0.327178724586014
"1",2,16,0.289719925215449
"1",2,17,0.224352494621037
"1",2,19,0.376363295343474
"1",2,20,0.32521147259958
"1",2,21,0.322435500880194
"1",2,22,0.32321368600141
"1",2,23,0.29011162945466
"1",2,24,0.269173604883324
"1",2,26,0.319451973147625
"1",2,27,0.299803358761159
"1",2,28,0.337239205629551
"1",2,29,0.323408059509402
"1",3,1,0.314926034643106
"1",3,2,0.179054935544705
"1",3,4,0.299104870867978
"1",3,5,0.330014501163798
"1",3,6,0.350326767399977
"1",3,7,0.375688850968582
"1",3,8,0.297700075748349
"1",3,9,0.206349712733984
"1",3,11,0.186024226554917
"1",3,12,0.242120640087392
"1",3,13,0.299424367902629
"1",3,14,0.261566364688168
"1",3,15,0.258205517663638
"1",3,16,0.193519889459787
"1",3,18,0.323934826895185
"1",3,19,0.311793653561556
"1",3,20,0.341641176207992
"1",3,21,0.316082188804375
"1",3,22,0.276101315031942
"1",3,23,0.22174388200603
"1",3,25,0
"1",3,26,0
"1",3,27,0
"1",3,28,0.00827091706247716
"1",3,29,0.145261610902596
"1",3,30,0.0629503497710019
"1",4,1,0.165921096699549
"1",4,2,0.377400459195536
"1",4,3,0.358582347958946
"1",4,4,0.3089744263977
"1",4,5,0.343615433656994
"1",4,6,0.193002838487174
"1",4,8,0.265321360757742
"1",4,9,0.338865214424677
"1",4,10,0.341001093784022
"1",4,11,0.32533435146127
"1",4,12,0.288519278923691
"1",4,13,0.219109804659677
"1",4,15,0.313466469591789
"1",4,16,0.310485772042677
"1",4,17,0.314612331757472
"1",4,18,0.343559459686378
"1",4,19,0.264915112949
"1",4,20,0.168706370888276
"1",4,22,0.272591011042098
"1",4,23,0.250096115521307
"1",4,24,0.285672884766555
"1",4,25,0.274763886120983
"1",4,26,0.303670187442566
"1",4,27,0.21505354282688
"1",4,29,0.258554745020538
"1",4,30,0.325788737761244
"1",5,1,0.304440633961094
"1",5,2,0.269257507021254
"1",5,3,0.260104389252407
"1",5,4,0.17440799112794
"1",5,6,0.272036368895384
"1",5,7,0.267202526267424
"1",5,8,0.225561365850688
"1",5,9,0.233951060661419
"1",5,10,0.413552800212007
"1",5,11,0.355378297107837
"1",5,13,0.185866982725998
"1",5,14,0.191566984450616
"1",5,15,0.203482244347014
"1",5,16,0.211082590150685
"1",5,17,0.242908798895052
"1",5,18,0.151980228850433
"1",5,20,0.216212607902186
"1",5,21,0.21016961264084
"1",5,22,0.222295956920318
"1",5,23,0.25054313493412
"1",5,24,0.217513876433314
"1",5,25,0.241649888013379
"1",5,27,0
"1",5,28,0.260844607935401
"1",5,29,0.242402483315207
"1",5,30,0.25639750399501
"1",5,31,0.527872270170863
"1",6,1,0.518060388034813
"1",6,3,0.368172156062182
"1",6,4,0.417972959833574
"1",6,5,0.203347715264275
"1",6,6,0.258361519838502
"1",6,7,0.23195275738754
"1",6,8,0.170647964389972
"1",6,10,0.411830607407653
"1",6,11,0.367685479482155
"1",6,12,0.327201330567699
"1",6,13,0.257944322834029
"1",6,14,0.268027585869657
"1",6,15,0.212429155811509
"1",6,17,0.167625411495296
"1",6,18,0.254571034606201
"1",6,19,0
"1",6,20,0.276109203562848
"1",6,21,0.267305095621911
"1",6,22,0.203831559354258
"1",6,24,0.233064936803748
"1",6,25,0.251626997966512
"1",6,26,0.254069808424028
"1",6,27,0.251081224473168
"1",6,28,0.266131088469643
"1",6,29,0.130100327350967
"1",7,1,0.241834390211948
"1",7,2,0.239952917926064
"1",7,3,0.251136661186214
"1",7,4,0
"1",7,5,0.181129319316659
"1",7,6,0.152816943641752
"1",7,8,0.23139725293178
"1",7,9,0.152099802371542
"1",7,10,0.210668458424213
"1",7,11,0.231023769850496
"1",7,12,0.281194323579234
"1",7,13,0.172357861128641
"1",7,15,0.181278749135207
"1",7,16,0.247010223720582
"1",7,17,0.244025144009159
"1",7,18,0.231682877367021
"1",7,19,0.224940252806301
"1",7,20,0.168212345873791
"1",7,22,0.251448933987297
"1",7,23,0.272954455852474
"1",7,24,0.24237074803571
"1",7,25,0.207125488535335
"1",7,26,0.210401696910648
"1",7,27,0.156760194196256
"1",7,29,0.211020127748069
"1",7,30,0.225173487708654
"1",7,31,0.186680423157405
"1",8,1,0.208997884397501
"1",8,2,0.203218520609825
"1",8,3,0.153744376538494
"1",8,5,0.218973335381583
"1",8,6,0.225278280613958
"1",8,7,0.216315637687121
"1",8,8,0.235457751434414
"1",8,9,0.242974006137369
"1",8,10,0.154270209401284
"1",8,12,0.18999120036684
"1",8,13,0.207124279883231
"1",8,14,0.194207244162487
"1",8,15,0.186921507733528
"1",8,16,0.231059658052944
"1",8,17,0.164300857035831
"1",8,19,0.165584116082837
"1",8,20,0.216575602573045
"1",8,21,0.208573333813104
"1",8,22,0.271887333325952
"1",8,23,0.219208745751265
"1",8,24,0.160363938065345
"1",8,26,0.464804908610855
"1",8,27,0.381325413894148
"1",8,28,0.467561374047947
"1",8,29,0.432460266715382
"1",8,30,0.267336326823219
"1",8,31,0.229570843159398
"1",9,2,0
"1",9,3,0.427588676775058
"1",9,4,0.396776577890708
"1",9,5,0.344715099478527
"1",9,6,0.31411380658983
"1",9,7,0.319135842489423
"1",9,9,0.398451794546743
"1",9,10,0.37652503985784
"1",9,11,0.391763211568199
"1",9,12,0.423437441182006
"1",9,13,0.363732402153118
"1",9,14,0.166452664094928
"1",9,16,0.405659784943672
"1",9,17,0.415840001501766
"1",9,18,0.44759663911678
"1",9,19,0.494092526009086
"1",9,20,0.292670874344468
"1",9,21,0.237180964282946
"1",9,23,0.349629598875123
"1",9,24,0.41160422768479
"1",9,25,0.380091873706004
"1",9,26,0.417429130084181
"1",9,27,0.27635596553915
"1",9,28,0.205050009134088
"1",9,30,0.313100435902546
"1",10,1,0.382486956244948
"1",10,2,0.353076462469046
"1",10,3,0.399202670198514
"1",10,4,0.303426182726055
"1",10,5,0.174860820481025
"1",10,7,0.30530883243639
"1",10,8,0.351054099175902
"1",10,9,0.329430254315165
"1",10,10,0.338719135546182
"1",10,11,0.284336076327764
"1",10,12,0.180532259016914
"1",10,14,0.316805211873946
"1",10,15,0.326676582688411
"1",10,16,0.351630245642394
"1",10,17,0.339618601063614
"1",10,18,0.24743084849223
"1",10,19,0.162341502806656
"1",10,21,0.269427161003248
"1",10,22,0.338359803737042
"1",10,23,0.33296414121542
"1",10,24,0.383810001273237
"1",10,25,0.27211357039522
"1",10,26,0.178412481593428
"1",10,28,0.328090348128711
"1",10,29,0.366917914069449
"1",10,30,0.307758635404096
"1",10,31,0.333562460557345
"1",11,1,0.253678735657636
"1",11,2,0.277700233838341
"1",11,4,0.326625664758657
"1",11,5,0.315329399216867
"1",11,6,0.31062326083266
"1",11,7,0.375460226580751
"1",11,8,0.295974136690249
"1",11,9,0.223692705773908
"1",11,11,0
"1",11,12,0.332192557016726
"1",11,13,0.269325855836406
"1",11,14,0.363207564316899
"1",11,15,0.319620014824618
"1",11,16,0.204774106612342
"1",11,18,0.288992922926746
"1",11,19,0.325879045116577
"1",11,20,0.307327912390253
"1",11,21,0.372659460105112
"1",11,22,0.262010665875755
"1",11,23,0.068691839383975
"1",11,25,0.364994277355211
"1",11,26,0.418646999313559
"1",11,27,0.292547673979899
"1",11,28,0
"1",11,29,0.165461289917812
"1",11,30,0.194171805744696
"1",12,2,0.263645089458708
"1",12,3,0.341140137214306
"1",12,4,0.27811609657038
"1",12,5,0.29824494949495
"1",12,6,0.253500893110868
"1",12,7,0.257610170803905
"1",12,9,0.249003337171496
"1",12,10,0.231986645068487
"1",12,11,0.215541051020591
"1",12,12,0.278583708845857
"1",12,13,0.410144627324934
"1",12,14,0.33467235520944
"1",12,16,0.228392737200282
"1",12,17,0.181727242280311
"1",12,18,0.20239539623491
"1",12,19,0.30687699058543
"1",12,20,0.279388825688378
"1",12,21,0.168375571572502
"1",12,23,0.253909648180748
"1",12,24,0.108151749500854
"1",12,25,0
"1",12,26,0.174882317881039
"1",12,27,0.256662602813498
"1",12,28,0.198487016677554
"1",12,30,0.273887142092065
"1",12,31,0.628863855134635
"2",1,1,0
"2",1,2,0.0483630952380953
"2",1,3,0.0545965608465609
"2",1,4,0.0781415343915344
"2",1,5,0.0506779100529101
"2",1,6,0.0633267195767196
"2",1,8,0.0355489417989418
"2",1,9,0.0458994708994709
"2",1,10,0.0310681216931217
"2",1,11,0.0412863756613757
"2",1,12,0.0644014550264551
"2",1,13,0.0679398148148149
"2",1,15,0
"2",1,16,0.0416170634920635
"2",1,17,0.059457671957672
"2",1,18,0.0618882275132276
"2",1,19,0.0414021164021164
"2",1,20,0.0623015873015873
"2",1,22,0.0507109788359789
"2",1,23,0.0411375661375662
"2",1,24,0.0431878306878307
"2",1,25,0.0759589947089948
"2",1,26,0.0636574074074074
"2",1,27,0.353571428571429
"2",1,29,0.041468253968254
"2",1,30,0.100429894179894
"2",1,31,0.0829365079365079
"2",2,1,0.151388888888889
"2",2,2,0.0487103174603175
"2",2,3,0.264169973544974
"2",2,5,0.048941798941799
"2",2,6,0.0448412698412699
"2",2,7,0.0347883597883598
"2",2,8,0.0526785714285715
"2",2,9,0.0580026455026455
"2",2,10,0.423776455026455
"2",2,12,0.0307043650793651
"2",2,13,0.0596064814814815
"2",2,14,0.22662037037037
"2",2,15,0.180539021164021
"2",2,16,0.152364417989418
"2",2,17,0.360168650793651
"2",2,19,0.0470734126984127
"2",2,20,0.0732804232804233
"2",2,21,0.137334656084656
"2",2,22,0.202414021164021
"2",2,23,0.43245701058201
"2",2,24,0.329232804232804
"2",2,26,0.0671957671957672
"2",2,27,0.10026455026455
"2",2,28,0.0690476190476191
"2",2,29,0.101951058201058
"2",3,1,0.216418650793651
"2",3,2,0.520552248677249
"2",3,4,0.0485119047619048
"2",3,5,0.0385912698412699
"2",3,6,0.0848875661375662
"2",3,7,0.0859457671957672
"2",3,8,0.111590608465608
"2",3,9,0.213773148148148
"2",3,11,0.0879794973544974
"2",3,12,0.0803240740740741
"2",3,13,0.241220238095238
"2",3,14,0.210069444444445
"2",3,15,0.118253968253968
"2",3,16,0.531365740740741
"2",3,18,0.058994708994709
"2",3,19,0.109904100529101
"2",3,20,0.21400462962963
"2",3,21,0.0310019841269842
"2",3,22,0.0937003968253969
"2",3,23,0.0949074074074075
"2",3,25,0
"2",3,26,0
"2",3,27,0
"2",3,28,0.00396825396825397
"2",3,29,0.109093915343915
"2",3,30,0.0293320105820106
"2",4,1,0.0226851851851852
"2",4,2,0.23817791005291
"2",4,3,0.465839947089947
"2",4,4,0.117113095238095
"2",4,5,0.252579365079365
"2",4,6,0.589980158730159
"2",4,8,0.0360780423280424
"2",4,9,0.0513888888888889
"2",4,10,0.0890376984126985
"2",4,11,0.121726190476191
"2",4,12,0.11984126984127
"2",4,13,0.573065476190476
"2",4,15,0.0583664021164021
"2",4,16,0.16916335978836
"2",4,17,0.69186507936508
"2",4,18,0.20026455026455
"2",4,19,0.177066798941799
"2",4,20,0.165922619047619
"2",4,22,0.0736772486772487
"2",4,23,0.079728835978836
"2",4,24,0.103290343915344
"2",4,25,0.241137566137566
"2",4,26,0.242824074074074
"2",4,27,0.486441798941799
"2",4,29,0.0722552910052911
"2",4,30,0.163095238095238
"2",5,1,0.187632275132275
"2",5,2,0.185631613756614
"2",5,3,0.239037698412698
"2",5,4,0.159970238095238
"2",5,6,0.0479497354497355
"2",5,7,0.189401455026455
"2",5,8,0.779199735449735
"2",5,9,0.201388888888889
"2",5,10,0.224785052910053
"2",5,11,0.121180555555556
"2",5,13,0.08057208994709
"2",5,14,0.0874503968253969
"2",5,15,0.0510747354497355
"2",5,16,0.102761243386243
"2",5,17,0.194824735449735
"2",5,18,0.273115079365079
"2",5,20,0.0656084656084657
"2",5,21,0.20530753968254
"2",5,22,0.813971560846561
"2",5,23,0.184672619047619
"2",5,24,0.195651455026455
"2",5,25,0.300297619047619
"2",5,27,0
"2",5,28,0.0869378306878307
"2",5,29,0.0650958994708995
"2",5,30,0.0696924603174604
"2",5,31,0.109705687830688
"2",6,1,0.19088955026455
"2",6,3,0.0353505291005291
"2",6,4,0.118948412698413
"2",6,5,0.0951058201058201
"2",6,6,0.336574074074074
"2",6,7,0.252612433862434
"2",6,8,0.244179894179894
"2",6,10,0.223826058201058
"2",6,11,0.0795965608465609
"2",6,12,0.0806547619047619
"2",6,13,0.0802248677248678
"2",6,14,0.12662037037037
"2",6,15,0.561127645502645
"2",6,17,0.0360945767195767
"2",6,18,0.0868716931216932
"2",6,19,0
"2",6,20,0.126967592592593
"2",6,21,0.205456349206349
"2",6,22,0.267857142857143
"2",6,24,0.121412037037037
"2",6,25,0.104778439153439
"2",6,26,0.143535052910053
"2",6,27,0.232390873015873
"2",6,28,0.214103835978836
"2",6,29,0.182705026455027
"2",7,1,0.0626157407407408
"2",7,2,0.0912202380952381
"2",7,3,0.167063492063492
"2",7,4,0
"2",7,5,0.366633597883598
"2",7,6,0.350727513227513
"2",7,8,0.0544808201058201
"2",7,9,0.0779761904761905
"2",7,10,0.16698082010582
"2",7,11,0.201554232804233
"2",7,12,0.379927248677249
"2",7,13,0.309242724867725
"2",7,15,0.0402943121693122
"2",7,16,0.0733796296296297
"2",7,17,0.108713624338624
"2",7,18,0.163607804232804
"2",7,19,0.472635582010582
"2",7,20,0.428670634920635
"2",7,22,0.0814649470899471
"2",7,23,0.0694279100529101
"2",7,24,0.125661375661376
"2",7,25,0.118601190476191
"2",7,26,0.135234788359788
"2",7,27,0.250016534391534
"2",7,29,0.082473544973545
"2",7,30,0.118634259259259
"2",7,31,0.110135582010582
"2",8,1,0.142212301587302
"2",8,2,0.174900793650794
"2",8,3,0.3375
"2",8,5,0.0712962962962963
"2",8,6,0.0770171957671958
"2",8,7,0.0580026455026455
"2",8,8,0.14130291005291
"2",8,9,0.0839120370370371
"2",8,10,0.186474867724868
"2",8,12,0.0468419312169313
"2",8,13,0.13776455026455
"2",8,14,0.111607142857143
"2",8,15,0.133316798941799
"2",8,16,0.120238095238095
"2",8,17,0.245072751322751
"2",8,19,0.0376818783068783
"2",8,20,0.0631448412698413
"2",8,21,0.0789847883597884
"2",8,22,0.107506613756614
"2",8,23,0.0762566137566138
"2",8,24,0.219824735449735
"2",8,26,0.0473875661375662
"2",8,27,0.114203042328042
"2",8,28,0.578637566137566
"2",8,29,0.165112433862434
"2",8,30,0.150628306878307
"2",8,31,0.353257275132275
"2",9,2,0
"2",9,3,0.0520171957671958
"2",9,4,0.117493386243386
"2",9,5,0.05625
"2",9,6,0.194080687830688
"2",9,7,0.270386904761905
"2",9,9,0.0623015873015873
"2",9,10,0.142080026455026
"2",9,11,0.655489417989418
"2",9,12,0.148511904761905
"2",9,13,0.213359788359788
"2",9,14,0.305671296296296
"2",9,16,0.067311507936508
"2",9,17,0.0665343915343916
"2",9,18,0.0768683862433863
"2",9,19,0.12582671957672
"2",9,20,0.0796626984126985
"2",9,21,0.243998015873016
"2",9,23,0.0401455026455027
"2",9,24,0.112136243386243
"2",9,25,0.0730820105820106
"2",9,26,0.0697751322751323
"2",9,27,0.0652777777777778
"2",9,28,0.306812169312169
"2",9,30,0.0441798941798942
"2",10,1,0.0663525132275133
"2",10,2,0.126818783068783
"2",10,3,0.147850529100529
"2",10,4,0.292080026455026
"2",10,5,0.456035052910053
"2",10,7,0.0280753968253968
"2",10,8,0.0674107142857143
"2",10,9,0.210085978835979
"2",10,10,0.085218253968254
"2",10,11,0.27989417989418
"2",10,12,0.510582010582011
"2",10,14,0.0261243386243387
"2",10,15,0.0901455026455027
"2",10,16,0.188062169312169
"2",10,17,0.0771660052910053
"2",10,18,0.141997354497355
"2",10,19,0.292542989417989
"2",10,21,0.0481977513227514
"2",10,22,0.0855820105820106
"2",10,23,0.0335978835978836
"2",10,24,0.0874173280423281
"2",10,25,0.0522817460317461
"2",10,26,0.198280423280423
"2",10,28,0.0206845238095238
"2",10,29,0.0465608465608466
"2",10,30,0.0826388888888889
"2",10,31,0.0305555555555556
"2",11,1,0.0873181216931217
"2",11,2,0.344824735449735
"2",11,4,0.0510582010582011
"2",11,5,0.0736111111111112
"2",11,6,0.093154761904762
"2",11,7,0.0707671957671958
"2",11,8,0.04375
"2",11,9,0.193369708994709
"2",11,11,0
"2",11,12,0.0577215608465609
"2",11,13,0.0672784391534392
"2",11,14,0.0777943121693122
"2",11,15,0.0858300264550265
"2",11,16,0.299619708994709
"2",11,18,0.0658068783068783
"2",11,19,0.0659722222222222
"2",11,20,0.077827380952381
"2",11,21,0.119973544973545
"2",11,22,0.262003968253968
"2",11,23,0.544460978835979
"2",11,25,0.0399966931216931
"2",11,26,0.0995535714285714
"2",11,27,0.0756779100529101
"2",11,28,0
"2",11,29,0.385664682539683
"2",11,30,0.430439814814815
"2",12,2,0.0610119047619048
"2",12,3,0.0497519841269842
"2",12,4,0.101521164021164
"2",12,5,0.0699900793650794
"2",12,6,0.0746527777777778
"2",12,7,0.224338624338624
"2",12,9,0.0419808201058201
"2",12,10,0.0568287037037037
"2",12,11,0.108928571428571
"2",12,12,0.0886078042328043
"2",12,13,0.267691798941799
"2",12,14,0.606712962962963
"2",12,16,0.0540343915343916
"2",12,17,0.374785052910053
"2",12,18,0.309160052910053
"2",12,19,0.1182208994709
"2",12,20,0.107804232804233
"2",12,21,0.278224206349206
"2",12,23,0.169543650793651
"2",12,24,0.091931216931217
"2",12,25,0
"2",12,26,0.108895502645503
"2",12,27,0.159986772486773
"2",12,28,0.19292328042328
"2",12,30,0.199884259259259
"2",12,31,0.0698578042328043
"3",1,1,0
"3",1,2,0.179680085741132
"3",1,3,0.271578513540723
"3",1,4,0.243871879089902
"3",1,5,0.224697997416021
"3",1,6,0.0424298634182355
"3",1,8,0.210413877143528
"3",1,9,0.24416477901943
"3",1,10,0.270812170710427
"3",1,11,0.212474978187187
"3",1,12,0.235342985502869
"3",1,13,0.0966239638914057
"3",1,15,0
"3",1,16,0.290819826168663
"3",1,17,0.294775495822007
"3",1,18,0.276890520655056
"3",1,19,0.280976542837008
"3",1,20,0.0526596530084902
"3",1,22,0.267224571294339
"3",1,23,0.287238686700896
"3",1,24,0.292836567502265
"3",1,25,0.278999735729387
"3",1,26,0.251412526427061
"3",1,27,0.0456298449612403
"3",1,29,0.247554909560723
"3",1,30,0.329993288365381
"3",1,31,0.248065811772207
"3",2,1,0.265448903486694
"3",2,2,0.267861820027518
"3",2,3,0.0921103266888151
"3",2,5,0.273307892043357
"3",2,6,0.252824633376959
"3",2,7,0.288794170945334
"3",2,8,0.243453849122454
"3",2,9,0.264815555891137
"3",2,10,0.104307065673345
"3",2,12,0.259627042853787
"3",2,13,0.314260377865029
"3",2,14,0.38095250679553
"3",2,15,0.269580816470351
"3",2,16,0.28850976542837
"3",2,17,0.04984357696567
"3",2,19,0.122815803382664
"3",2,20,0.324019618946945
"3",2,21,0.289111463471929
"3",2,22,0.269088790731233
"3",2,23,0.28673485267962
"3",2,24,0.0644820505721669
"3",2,26,0.296456277895231
"3",2,27,0.279089881371858
"3",2,28,0.266901762643042
"3",2,29,0.2964233908856
"3",3,1,0.273821374039397
"3",3,2,0.0492642999765093
"3",3,4,0.302825346488137
"3",3,5,0.305253385180711
"3",3,6,0.303750713111178
"3",3,7,0.286595816973724
"3",3,8,0.250170412597738
"3",3,9,0.0991866757273734
"3",3,11,0.296283432329944
"3",3,12,0.277379505184738
"3",3,13,0.252384119433538
"3",3,14,0.249921788482835
"3",3,15,0.250720347159301
"3",3,16,0.0823897194536729
"3",3,18,0.279414095271653
"3",3,19,0.305036263800799
"3",3,20,0.26917274908554
"3",3,21,0.289696319507366
"3",3,22,0.259564079331521
"3",3,23,0.0762442531628578
"3",3,25,0
"3",3,26,0
"3",3,27,0
"3",3,28,0.00868355481727575
"3",3,29,0.129623561193329
"3",3,30,0.0250906699889258
"3",4,1,0.155902651934629
"3",4,2,0.357262009631196
"3",4,3,0.29261843937716
"3",4,4,0.294817191852076
"3",4,5,0.275336148025102
"3",4,6,0.0704893410852713
"3",4,8,0.268464944293433
"3",4,9,0.326126568844592
"3",4,10,0.361260990301688
"3",4,11,0.270398209671465
"3",4,12,0.276489710225175
"3",4,13,0.109569721299372
"3",4,15,0.278275906909628
"3",4,16,0.253993548441223
"3",4,17,0.264587570052686
"3",4,18,0.258928005134401
"3",4,19,0.246286997885835
"3",4,20,0.0882089583543072
"3",4,22,0.299507198228128
"3",4,23,0.295116614651498
"3",4,24,0.246068911708447
"3",4,25,0.243450157723414
"3",4,26,0.271422845565288
"3",4,27,0.0467326504245109
"3",4,29,0.284018150776872
"3",4,30,0.266927392697742
"3",5,1,0.327642748078795
"3",5,2,0.278657001912816
"3",5,3,0.221967494714588
"3",5,4,0.0577867755629384
"3",5,6,0.268474235712608
"3",5,7,0.309565568475452
"3",5,8,0.295749207188161
"3",5,9,0.290403369240579
"3",5,10,0.205529568945267
"3",5,11,0.0936279950669486
"3",5,13,0.250084377831471
"3",5,14,0.265416939326823
"3",5,15,0.285297870733917
"3",5,16,0.277990620490621
"3",5,17,0.227460443303467
"3",5,18,0.0677399409376154
"3",5,20,0.257869601328904
"3",5,21,0.272839105339105
"3",5,22,0.256492856303903
"3",5,23,0.242074796973053
"3",5,24,0.213298600624182
"3",5,25,0.0520376522702104
"3",5,27,0
"3",5,28,0.270522773415215
"3",5,29,0.232787488674117
"3",5,30,0.232131090808416
"3",5,31,0.236692779120105
"3",6,1,0.0309320782576596
"3",6,3,0.276867050907749
"3",6,4,0.27244620205376
"3",6,5,0.261654313064197
"3",6,6,0.230325514279003
"3",6,7,0.249053701466492
"3",6,8,0.0852585237759656
"3",6,10,0.249287476089802
"3",6,11,0.251931860129535
"3",6,12,0.270976312124568
"3",6,13,0.278820346320346
"3",6,14,0.22017974596463
"3",6,15,0.0439140365448505
"3",6,17,0.222323672774254
"3",6,18,0.221483795597168
"3",6,19,0
"3",6,20,0.277725301184603
"3",6,21,0.2282448236518
"3",6,22,0.0250408361018826
"3",6,24,0.232268154971643
"3",6,25,0.261371291821873
"3",6,26,0.237183189872143
"3",6,27,0.246717717037484
"3",6,28,0.209644472129937
"3",6,29,0.229564960233565
"3",7,1,0.25517177589852
"3",7,2,0.252452347394208
"3",7,3,0.262473950468136
"3",7,4,0
"3",7,5,0.1882995444478
"3",7,6,0.0273897194536729
"3",7,8,0.262937808315715
"3",7,9,0.256634408872781
"3",7,10,0.253326663646431
"3",7,11,0.232335040605389
"3",7,12,0.213163822611497
"3",7,13,0.0685638989563408
"3",7,15,0.239035705896171
"3",7,16,0.234210271317829
"3",7,17,0.257521414309205
"3",7,18,0.237447418537535
"3",7,19,0.209105276183765
"3",7,20,0.0263623569582872
"3",7,22,0.273186663143059
"3",7,23,0.260697653444746
"3",7,24,0.25735362344374
"3",7,25,0.247120855565623
"3",7,26,0.200094130675526
"3",7,27,0.075588358669754
"3",7,29,0.235386401389308
"3",7,30,0.248555320648344
"3",7,31,0.24286249119098
"3",8,1,0.268247885835095
"3",8,2,0.219342364676667
"3",8,3,0.0450173244068593
"3",8,5,0.259921243162522
"3",8,6,0.269823316218665
"3",8,7,0.233613397261653
"3",8,8,0.272305173831337
"3",8,9,0.224014899828853
"3",8,10,0.0628580447330447
"3",8,12,0.221029522802779
"3",8,13,0.264002755964965
"3",8,14,0.272554133527971
"3",8,15,0.304138582670559
"3",8,16,0.215680496828753
"3",8,17,0.0331388427464009
"3",8,19,0.268694062720226
"3",8,20,0.252890847847243
"3",8,21,0.273271020000671
"3",8,22,0.281146284271284
"3",8,23,0.232982251921205
"3",8,24,0.0490026301218162
"3",8,26,0.257115612101077
"3",8,27,0.268315925031041
"3",8,28,0.277392425081379
"3",8,29,0.244776901070506
"3",8,30,0.210900994999832
"3",8,31,0.0287227759320783
"3",9,2,0
"3",9,3,0.299416276552904
"3",9,4,0.305971697875768
"3",9,5,0.285248225611598
"3",9,6,0.249624567938521
"3",9,7,0.0762607176415316
"3",9,9,0.296059515419981
"3",9,10,0.320363917413336
"3",9,11,0.280231593342058
"3",9,12,0.282587146380751
"3",9,13,0.235043185173999
"3",9,14,0.0413727390180878
"3",9,16,0.245408759522132
"3",9,17,0.250637752105775
"3",9,18,0.259778054632706
"3",9,19,0.232495784254505
"3",9,20,0.237893868082822
"3",9,21,0.0448581118493909
"3",9,23,0.27346209184872
"3",9,24,0.30449771804423
"3",9,25,0.272367151582268
"3",9,26,0.274087532299742
"3",9,27,0.250467696063626
"3",9,28,0.0371659283868586
"3",9,30,0.260753506829088
"3",10,1,0.27615429628511
"3",10,2,0.253484638746267
"3",10,3,0.288538604483372
"3",10,4,0.256194503171247
"3",10,5,0.0458738548273432
"3",10,7,0.258088002114165
"3",10,8,0.289409585892144
"3",10,9,0.247988334340079
"3",10,10,0.240238871270848
"3",10,11,0.242709570790966
"3",10,12,0.0456778331487634
"3",10,14,0.121917681801403
"3",10,15,0.346760650525185
"3",10,16,0.265837423235679
"3",10,17,0.252336697540186
"3",10,18,0.241977981643679
"3",10,19,0.0386840162421558
"3",10,21,0.2767399283533
"3",10,22,0.293752936340146
"3",10,23,0.251198362361153
"3",10,24,0.231924036880432
"3",10,25,0.222915534078325
"3",10,26,0.0734435929058022
"3",10,28,0.23641670022484
"3",10,29,0.260631334105171
"3",10,30,0.268510898016712
"3",10,31,0.235401607436491
"3",11,1,0.263659644618947
"3",11,2,0.190297430282895
"3",11,4,0.256593530823182
"3",11,5,0.25685687858653
"3",11,6,0.257365096144166
"3",11,7,0.243396233934025
"3",11,8,0.225215317628108
"3",11,9,0.0905738447598913
"3",11,11,0
"3",11,12,0.294323928655324
"3",11,13,0.2593482163831
"3",11,14,0.214105485922346
"3",11,15,0.252688114534045
"3",11,16,0.0635497835497836
"3",11,18,0.270952359978523
"3",11,19,0.257633079130172
"3",11,20,0.241046322863183
"3",11,21,0.216378087351925
"3",11,22,0.228059016242156
"3",11,23,0.0996087326755931
"3",11,25,0.288757865196819
"3",11,26,0.287107159636229
"3",11,27,0.21494574062888
"3",11,28,0
"3",11,29,0.0658884736064969
"3",11,30,0.0367259597637505
"3",12,2,0.263777874257525
"3",12,3,0.264944230511091
"3",12,4,0.267774610725192
"3",12,5,0.249626833115205
"3",12,6,0.204855196483103
"3",12,7,0.0616089046612302
"3",12,9,0.269739462733649
"3",12,10,0.26803403637706
"3",12,11,0.235428768582838
"3",12,12,0.229467746400886
"3",12,13,0.2443389878855
"3",12,14,0.145800802879291
"3",12,16,0.249102381791335
"3",12,17,0.277926188798282
"3",12,18,0.268259631195678
"3",12,19,0.266471672707138
"3",12,20,0.259827825598174
"3",12,21,0.0449600867478774
"3",12,23,0.166689339407363
"3",12,24,0.0430352528608343
"3",12,25,0
"3",12,26,0.136824851505084
"3",12,27,0.155425874190409
"3",12,28,0.0329116539145609
"3",12,30,0.161947443706165
"3",12,31,0.065100192120541
"4",1,1,0.00555555555555555
"4",1,2,0.194623477484054
"4",1,3,0.288873634378442
"4",1,4,0.265976918380765
"4",1,5,0.350391923781347
"4",1,6,0.282732377131416
"4",1,8,0.23021231973155
"4",1,9,0.277254121412775
"4",1,10,0.322412936956206
"4",1,11,0.227957715361562
"4",1,12,0.293794872328526
"4",1,13,0.262099214887676
"4",1,15,0
"4",1,16,0.335153297557144
"4",1,17,0.33355874360682
"4",1,18,0.298305191069614
"4",1,19,0.382853772829734
"4",1,20,0.270434271924657
"4",1,22,0.345071240191432
"4",1,23,0.313206022076214
"4",1,24,0.313251956376956
"4",1,25,0.331747325857903
"4",1,26,0.392361255197794
"4",1,27,0.366752544997737
"4",1,29,0.307730133114749
"4",1,30,0.329876373626374
"4",1,31,0.331879279908126
"4",2,1,0.373655708607632
"4",2,2,0.388485971827318
"4",2,3,0.289201978576979
"4",2,5,0.365366767313883
"4",2,6,0.377147182411605
"4",2,7,0.356894379658803
"4",2,8,0.364065299017222
"4",2,9,0.395416845440884
"4",2,10,0.299334610368264
"4",2,12,0.322057605855683
"4",2,13,0.362178505255428
"4",2,14,0.367642456368418
"4",2,15,0.359527630489169
"4",2,16,0.371403841884611
"4",2,17,0.330238722281992
"4",2,19,0.258001955309648
"4",2,20,0.354527761234492
"4",2,21,0.346709289641982
"4",2,22,0.34819588531127
"4",2,23,0.375766626535857
"4",2,24,0.392943293351947
"4",2,26,0.338525790448867
"4",2,27,0.340272478589786
"4",2,28,0.288710477556631
"4",2,29,0.342717992477608
"4",3,1,0.387897890037313
"4",3,2,0.36876035556324
"4",3,4,0.311556096147442
"4",3,5,0.329048467558083
"4",3,6,0.337626772266195
"4",3,7,0.359750308452231
"4",3,8,0.382817398947207
"4",3,9,0.353753420724575
"4",3,11,0.329331392432354
"4",3,12,0.347334401709402
"4",3,13,0.368151728079613
"4",3,14,0.353064424891348
"4",3,15,0.410779055346363
"4",3,16,0.38739602544891
"4",3,18,0.36758632660075
"4",3,19,0.364004216936909
"4",3,20,0.367967614650307
"4",3,21,0.345508938177207
"4",3,22,0.347787455599956
"4",3,23,0.352406799930838
"4",3,25,0
"4",3,26,0
"4",3,27,0
"4",3,28,0.010094246031746
"4",3,29,0.258231197221582
"4",3,30,0.192573788391096
"4",4,1,0.171970633533134
"4",4,2,0.384901249925288
"4",4,3,0.348590682821452
"4",4,4,0.36786330656523
"4",4,5,0.365679205943629
"4",4,6,0.327179479174671
"4",4,8,0.288846452692607
"4",4,9,0.340828906670253
"4",4,10,0.348369704547589
"4",4,11,0.318755323202439
"4",4,12,0.408312232639156
"4",4,13,0.388736218375641
"4",4,15,0.361489245263284
"4",4,16,0.325309596920174
"4",4,17,0.349156284420707
"4",4,18,0.347206364682326
"4",4,19,0.341019997630575
"4",4,20,0.36974380053707
"4",4,22,0.336758223080338
"4",4,23,0.352481717000948
"4",4,24,0.313839136291059
"4",4,25,0.336225982884637
"4",4,26,0.39528660442122
"4",4,27,0.299966873404373
"4",4,29,0.292022878296917
"4",4,30,0.287116956227533
"4",5,1,0.353970807504461
"4",5,2,0.331018183205683
"4",5,3,0.387206372687142
"4",5,4,0.348616567727145
"4",5,6,0.301302666350743
"4",5,7,0.354760522597061
"4",5,8,0.3252466310399
"4",5,9,0.370388809908041
"4",5,10,0.365784133067787
"4",5,11,0.32277667044494
"4",5,13,0.291603506002544
"4",5,14,0.286310073473535
"4",5,15,0.313346893491124
"4",5,16,0.331354983157868
"4",5,17,0.350832452803607
"4",5,18,0.282162831826293
"4",5,20,0.328487361996977
"4",5,21,0.275050529064952
"4",5,22,0.29348364242595
"4",5,23,0.307385405726752
"4",5,24,0.389228012905897
"4",5,25,0.302235240720818
"4",5,27,0
"4",5,28,0.295655415631377
"4",5,29,0.30767939859286
"4",5,30,0.363135827847366
"4",5,31,0.337041465478965
"4",6,1,0.329485885375308
"4",6,3,0.327502313391736
"4",6,4,0.351264568764569
"4",6,5,0.343952844698037
"4",6,6,0.321352565703527
"4",6,7,0.3755417926091
"4",6,8,0.312930208146554
"4",6,10,0.30133022959946
"4",6,11,0.320857758694297
"4",6,12,0.292350333960911
"4",6,13,0.293587403515288
"4",6,14,0.346254573418035
"4",6,15,0.283901595199672
"4",6,17,0.287832853578046
"4",6,18,0.313027247858979
"4",6,19,0
"4",6,20,0.329710428460428
"4",6,21,0.365671478628209
"4",6,22,0.325743591344553
"4",6,24,0.263061305681498
"4",6,25,0.263217324875979
"4",6,26,0.292919220202874
"4",6,27,0.315835596027904
"4",6,28,0.316349894763356
"4",6,29,0.22827404966828
"4",7,1,0.298080661325854
"4",7,2,0.279968204872051
"4",7,3,0.329255266635074
"4",7,4,0
"4",7,5,0.308750509639933
"4",7,6,0.280263582571275
"4",7,8,0.28653285283093
"4",7,9,0.274629353018776
"4",7,10,0.330794990266144
"4",7,11,0.316269216894217
"4",7,12,0.336313616938617
"4",7,13,0.306382850589581
"4",7,15,0.301875989928874
"4",7,16,0.301700849897965
"4",7,17,0.33206767591383
"4",7,18,0.306343875141952
"4",7,19,0.339237592002015
"4",7,20,0.300164571005917
"4",7,22,0.300837944107175
"4",7,23,0.300247356809857
"4",7,24,0.267570106175875
"4",7,25,0.290388439018247
"4",7,26,0.320401868430715
"4",7,27,0.239454968108814
"4",7,29,0.265008389046851
"4",7,30,0.274342129558476
"4",7,31,0.329457473616127
"4",8,1,0.305624917283571
"4",8,2,0.346285866910867
"4",8,3,0.282435649286611
"4",8,5,0.344888580970312
"4",8,6,0.322396772565042
"4",8,7,0.324227783434514
"4",8,8,0.291977917915418
"4",8,9,0.347508268974615
"4",8,10,0.300573563722602
"4",8,12,0.315539735371466
"4",8,13,0.312326877182646
"4",8,14,0.295199517362979
"4",8,15,0.314623466810967
"4",8,16,0.319460157897658
"4",8,17,0.276818662107124
"4",8,19,0.287678534072765
"4",8,20,0.337477474448628
"4",8,21,0.347211220937182
"4",8,22,0.323504729778768
"4",8,23,0.361055963267502
"4",8,24,0.305384628725975
"4",8,26,0.301703664924819
"4",8,27,0.266221654947616
"4",8,28,0.373134587100933
"4",8,29,0.34171399380534
"4",8,30,0.393564675175252
"4",8,31,0.321844797830375
"4",9,2,0
"4",9,3,0.35778348521137
"4",9,4,0.336977507001545
"4",9,5,0.342495274490467
"4",9,6,0.425610620682736
"4",9,7,0.364205271224502
"4",9,9,0.366151919661535
"4",9,10,0.383199826348865
"4",9,11,0.374987568521222
"4",9,12,0.327254977928055
"4",9,13,0.442896745348668
"4",9,14,0.364446992644108
"4",9,16,0.341204639377716
"4",9,17,0.329317119845966
"4",9,18,0.370550611247727
"4",9,19,0.345000859183551
"4",9,20,0.381484191556307
"4",9,21,0.314754470956394
"4",9,23,0.319543303918304
"4",9,24,0.332724737868969
"4",9,25,0.359303599712254
"4",9,26,0.324521784305438
"4",9,27,0.360575933148048
"4",9,28,0.285445150469189
"4",9,30,0.295132196862966
"4",10,1,0.355877130348284
"4",10,2,0.337951730427692
"4",10,3,0.344519913846837
"4",10,4,0.362157935547359
"4",10,5,0.302015935453435
"4",10,7,0.315740680259911
"4",10,8,0.344305259377375
"4",10,9,0.314844244964437
"4",10,10,0.337310856878165
"4",10,11,0.364464880738919
"4",10,12,0.336230318826473
"4",10,14,0.281334221334221
"4",10,15,0.365328432251509
"4",10,16,0.355143363580864
"4",10,17,0.31393891098218
"4",10,18,0.401730801250032
"4",10,19,0.319738007718777
"4",10,21,0.382161961969654
"4",10,22,0.327037407037407
"4",10,23,0.393937961077384
"4",10,24,0.353331767057729
"4",10,25,0.368686148253456
"4",10,26,0.329034312375658
"4",10,28,0.31764098348233
"4",10,29,0.331549817703664
"4",10,30,0.364989919268765
"4",10,31,0.352956357211165
"4",11,1,0.423521454507031
"4",11,2,0.452989030200569
"4",11,4,0.299399369327254
"4",11,5,0.36976673166577
"4",11,6,0.376077290764791
"4",11,7,0.302596452692607
"4",11,8,0.377160513098013
"4",11,9,0.372222054121093
"4",11,11,0
"4",11,12,0.356604066339643
"4",11,13,0.412482821665514
"4",11,14,0.388226228899306
"4",11,15,0.42060770426155
"4",11,16,0.394713587694357
"4",11,18,0.377770146520147
"4",11,19,0.35217169315727
"4",11,20,0.368103048127087
"4",11,21,0.366748547926432
"4",11,22,0.4005028998779
"4",11,23,0.523339870599486
"4",11,25,0.403300887147041
"4",11,26,0.400071024061409
"4",11,27,0.430903965158773
"4",11,28,0
"4",11,29,0.421285944290752
"4",11,30,0.39953838095665
"4",12,2,0.369536921411921
"4",12,3,0.362625913082644
"4",12,4,0.392178169053169
"4",12,5,0.378027213171444
"4",12,6,0.351902621950699
"4",12,7,0.384026961286577
"4",12,9,0.364216627389704
"4",12,10,0.421550554146708
"4",12,11,0.372218329213521
"4",12,12,0.403260959126344
"4",12,13,0.431135547145163
"4",12,14,0.513178779020125
"4",12,16,0.39055275120179
"4",12,17,0.420087023019715
"4",12,18,0.395246692410154
"4",12,19,0.415947679457295
"4",12,20,0.450434738872239
"4",12,21,0.461971743534244
"4",12,23,0.480057311812119
"4",12,24,0.209849706917015
"4",12,25,0
"4",12,26,0.218186172801557
"4",12,27,0.294594150507612
"4",12,28,0.309066966687159
"4",12,30,0.324372587882203
"4",12,31,0.188614283686399
"5",1,1,0.00539102564102565
"5",1,2,0.416753522271379
"5",1,3,0.504984977324263
"5",1,4,0.460656557727986
"5",1,5,0.522885778903636
"5",1,6,0.29266939608011
"5",1,8,0.447571821036107
"5",1,9,0.468036743018886
"5",1,10,0.480329160918447
"5",1,11,0.464774451738737
"5",1,12,0.530258463758464
"5",1,13,0.331305519876948
"5",1,15,0
"5",1,16,0.571785236588808
"5",1,17,0.536842776271348
"5",1,18,0.462091345162774
"5",1,19,0.560414547753833
"5",1,20,0.281962204462204
"5",1,22,0.553628835450264
"5",1,23,0.552316992531278
"5",1,24,0.543075941915228
"5",1,25,0.533969881309167
"5",1,26,0.572763984031841
"5",1,27,0.363137818530676
"5",1,29,0.578385568796283
"5",1,30,0.589722850562136
"5",1,31,0.562653992832564
"5",2,1,0.472206422545708
"5",2,2,0.539992616510474
"5",2,3,0.373745700727844
"5",2,5,0.538262667887668
"5",2,6,0.481750116946545
"5",2,7,0.490760967207396
"5",2,8,0.512006897864041
"5",2,9,0.527351285619143
"5",2,10,0.402203132185275
"5",2,12,0.470607913911485
"5",2,13,0.503120250780965
"5",2,14,0.503574835878407
"5",2,15,0.510513543995687
"5",2,16,0.572930722055722
"5",2,17,0.425697950858665
"5",2,19,0.356062792366364
"5",2,20,0.545474731617589
"5",2,21,0.513171907457622
"5",2,22,0.567324205556348
"5",2,23,0.552839705928992
"5",2,24,0.422251984126984
"5",2,26,0.531431784485356
"5",2,27,0.507291371327086
"5",2,28,0.494759337884338
"5",2,29,0.566998376623376
"5",3,1,0.589732295482295
"5",3,2,0.468983625501483
"5",3,4,0.549313567384996
"5",3,5,0.496827240220097
"5",3,6,0.480390028622171
"5",3,7,0.49101665398094
"5",3,8,0.544280023547881
"5",3,9,0.389498093176665
"5",3,11,0.50491094619666
"5",3,12,0.497310007452865
"5",3,13,0.507755266558838
"5",3,14,0.508208545422831
"5",3,15,0.537354128014842
"5",3,16,0.352846954632669
"5",3,18,0.481979383711527
"5",3,19,0.475027601366887
"5",3,20,0.54261260564832
"5",3,21,0.524892024642025
"5",3,22,0.554413180073894
"5",3,23,0.345078689167975
"5",3,25,0
"5",3,26,0
"5",3,27,0.00134615384615385
"5",3,28,0.0100062318633747
"5",3,29,0.336438951921095
"5",3,30,0.139170611134897
"5",4,1,0.285679304822162
"5",4,2,0.518389176299891
"5",4,3,0.488235108145822
"5",4,4,0.503655741084313
"5",4,5,0.542642046445618
"5",4,6,0.399529361511504
"5",4,8,0.453013682745826
"5",4,9,0.479553452499881
"5",4,10,0.486973132026703
"5",4,11,0.544153758939473
"5",4,12,0.543801644783788
"5",4,13,0.356081983492698
"5",4,15,0.52789276001776
"5",4,16,0.493537416948131
"5",4,17,0.511739867275582
"5",4,18,0.506059200719915
"5",4,19,0.534687292865864
"5",4,20,0.346857378732379
"5",4,22,0.487631358720644
"5",4,23,0.474802374213088
"5",4,24,0.498230844552273
"5",4,25,0.493798302887589
"5",4,26,0.550139370550085
"5",4,27,0.39406105006105
"5",4,29,0.485289886700601
"5",4,30,0.480101481851482
"5",5,1,0.468721344132058
"5",5,2,0.488744158619159
"5",5,3,0.528753161521019
"5",5,4,0.373003748235891
"5",5,6,0.48300721698936
"5",5,7,0.466387315065886
"5",5,8,0.433071180803324
"5",5,9,0.451913568574283
"5",5,10,0.5330793710258
"5",5,11,0.35617692426621
"5",5,13,0.44049734987235
"5",5,14,0.408998556998557
"5",5,15,0.480560621917765
"5",5,16,0.481766061319633
"5",5,17,0.483022588522589
"5",5,18,0.359211185639757
"5",5,20,0.464047262261548
"5",5,21,0.437277861027861
"5",5,22,0.455785747982177
"5",5,23,0.500701907219764
"5",5,24,0.511233730555159
"5",5,25,0.403184670488242
"5",5,27,0
"5",5,28,0.445942856746428
"5",5,29,0.457452077684221
"5",5,30,0.449348488812775
"5",5,31,0.509240380651095
"5",6,1,0.327830532562675
"5",6,3,0.463825900290186
"5",6,4,0.457671108653252
"5",6,5,0.455807169021455
"5",6,6,0.453597565133279
"5",6,7,0.496648185148185
"5",6,8,0.314399881864168
"5",6,10,0.465191316619888
"5",6,11,0.448041525934383
"5",6,12,0.457211221318364
"5",6,13,0.454726113172542
"5",6,14,0.508981266749124
"5",6,15,0.356467369931656
"5",6,17,0.429769319965749
"5",6,18,0.441081929974787
"5",6,19,0
"5",6,20,0.492207548403977
"5",6,21,0.475379007896865
"5",6,22,0.297334877424163
"5",6,24,0.471682823129252
"5",6,25,0.432954279847137
"5",6,26,0.428443940979655
"5",6,27,0.424027220795078
"5",6,28,0.45942778848136
"5",6,29,0.343177072927073
"5",7,1,0.427516507302222
"5",7,2,0.423008899830328
"5",7,3,0.492954341293627
"5",7,4,0
"5",7,5,0.472853265781837
"5",7,6,0.330914109699824
"5",7,8,0.467522531040388
"5",7,9,0.438883681794396
"5",7,10,0.425845428381143
"5",7,11,0.4642318138211
"5",7,12,0.484542439703154
"5",7,13,0.309648185148185
"5",7,15,0.433734232037803
"5",7,16,0.407838817928104
"5",7,17,0.476173057101628
"5",7,18,0.466869535226678
"5",7,19,0.516377794824223
"5",7,20,0.305315188779475
"5",7,22,0.450897935397935
"5",7,23,0.402968569129283
"5",7,24,0.398230900052329
"5",7,25,0.435375884036598
"5",7,26,0.481573928056071
"5",7,27,0.326199310610025
"5",7,29,0.403374125874126
"5",7,30,0.424825593057736
"5",7,31,0.426712856587857
"5",8,1,0.445072362161648
"5",8,2,0.466558606076463
"5",8,3,0.269753159538874
"5",8,5,0.38770739379668
"5",8,6,0.411371390514248
"5",8,7,0.405349041831185
"5",8,8,0.426530739102168
"5",8,9,0.484245153655868
"5",8,10,0.309127713556285
"5",8,12,0.471097888222888
"5",8,13,0.423298027369456
"5",8,14,0.446121483675055
"5",8,15,0.48737562239348
"5",8,16,0.452248438069867
"5",8,17,0.327087279783708
"5",8,19,0.407908179122465
"5",8,20,0.407280695494981
"5",8,21,0.466135683760684
"5",8,22,0.409477948638663
"5",8,23,0.458088258963259
"5",8,24,0.310408240568955
"5",8,26,0.425279325832897
"5",8,27,0.378247474747475
"5",8,28,0.408198151055294
"5",8,29,0.433110173556602
"5",8,30,0.474423623995053
"5",8,31,0.312716571127285
"5",9,2,0.000476190476190477
"5",9,3,0.430010572760573
"5",9,4,0.457480031872889
"5",9,5,0.445808241361813
"5",9,6,0.46653385305171
"5",9,7,0.378062223490795
"5",9,9,0.436498606552178
"5",9,10,0.435678688375117
"5",9,11,0.44460779300065
"5",9,12,0.440874888999889
"5",9,13,0.508128419199848
"5",9,14,0.366551353408496
"5",9,16,0.425697738769167
"5",9,17,0.388729679051108
"5",9,18,0.422712803069946
"5",9,19,0.43212685528757
"5",9,20,0.467228576978577
"5",9,21,0.341907392210964
"5",9,23,0.423345392702536
"5",9,24,0.459738856381713
"5",9,25,0.419272499326071
"5",9,26,0.451937685330542
"5",9,27,0.435613297416869
"5",9,28,0.34191076978577
"5",9,30,0.408926957962672
"5",10,1,0.406899642024642
"5",10,2,0.427664765789766
"5",10,3,0.457100782154354
"5",10,4,0.51883633033633
"5",10,5,0.307484792984793
"5",10,7,0.440889723371866
"5",10,8,0.413527032491318
"5",10,9,0.438587380873095
"5",10,10,0.461692264085121
"5",10,11,0.527556980717695
"5",10,12,0.413028806510949
"5",10,14,0.366528291153291
"5",10,15,0.501013268477554
"5",10,16,0.462054536733108
"5",10,17,0.49007030667745
"5",10,18,0.489051190872619
"5",10,19,0.345051474319331
"5",10,21,0.417540760826475
"5",10,22,0.407425407925408
"5",10,23,0.491836599908028
"5",10,24,0.461847989312275
"5",10,25,0.490031993799851
"5",10,26,0.366077567273996
"5",10,28,0.46052213857571
"5",10,29,0.429453742685886
"5",10,30,0.424471520542949
"5",10,31,0.465847830740688
"5",11,1,0.549081908171194
"5",11,2,0.417331380920667
"5",11,4,0.455568871604586
"5",11,5,0.466800740925741
"5",11,6,0.475018404214833
"5",11,7,0.430693453372025
"5",11,8,0.488517520178234
"5",11,9,0.266758035615178
"5",11,11,0
"5",11,12,0.490250099107242
"5",11,13,0.475134472670187
"5",11,14,0.487213126159555
"5",11,15,0.493321953839811
"5",11,16,0.309069238301381
"5",11,18,0.44792605608677
"5",11,19,0.495119921744922
"5",11,20,0.494825717932861
"5",11,21,0.476131249702678
"5",11,22,0.503563036170179
"5",11,23,0.134142779839208
"5",11,25,0.582996965336251
"5",11,26,0.644090736644308
"5",11,27,0.56891310871668
"5",11,28,0
"5",11,29,0.453936440543583
"5",11,30,0.45434713104356
"5",12,2,0.495812171955029
"5",12,3,0.473723074544503
"5",12,4,0.49948563143206
"5",12,5,0.459593329289758
"5",12,6,0.491573577216434
"5",12,7,0.390354986283558
"5",12,9,0.464747571872572
"5",12,10,0.468681542663686
"5",12,11,0.476539274217846
"5",12,12,0.508552302855874
"5",12,13,0.556707746618461
"5",12,14,0.336877891949321
"5",12,16,0.489460055817199
"5",12,17,0.516867113045684
"5",12,18,0.509911047286047
"5",12,19,0.507379943469229
"5",12,20,0.532179489161632
"5",12,21,0.391239684918256
"5",12,23,0.555361109128966
"5",12,24,0.216716963591964
"5",12,25,0
"5",12,26,0.44578663003663
"5",12,27,0.514988949542521
"5",12,28,0.355458351172637
"5",12,30,0.47519727692942
"5",12,31,0.340208269904698
"6",1,1,0
"6",1,2,0.179563745549322
"6",1,3,0.224267004363158
"6",1,4,0.219693727746612
"6",1,5,0.242275248789672
"6",1,6,0.294325266080074
"6",1,8,0.145421402849287
"6",1,9,0.216107618343195
"6",1,10,0.197259089735051
"6",1,11,0.149036487017256
"6",1,12,0.224553112485805
"6",1,13,0.232543949106449
"6",1,15,0
"6",1,16,0.210891912574605
"6",1,17,0.213653803461496
"6",1,18,0.21471821447783
"6",1,19,0.2507835620576
"6",1,20,0.275415119068965
"6",1,22,0.246184267121767
"6",1,23,0.238874784403631
"6",1,24,0.199898632350555
"6",1,25,0.227491989847759
"6",1,26,0.267213571684726
"6",1,27,0.308731471519933
"6",1,29,0.238297786615094
"6",1,30,0.238061599191407
"6",1,31,0.202435385127693
"6",2,1,0.262199926142234
"6",2,2,0.273764552754937
"6",2,3,0.269461478692248
"6",2,5,0.290204635108481
"6",2,6,0.246106004038696
"6",2,7,0.227119040147886
"6",2,8,0.244584283238129
"6",2,9,0.352433741472203
"6",2,10,0.293328263616725
"6",2,12,0.228424881742189
"6",2,13,0.277952026605873
"6",2,14,0.269635650140458
"6",2,15,0.244691328970175
"6",2,16,0.257846080201849
"6",2,17,0.338933859943475
"6",2,19,0.243189348045117
"6",2,20,0.233591955587148
"6",2,21,0.214425358295551
"6",2,22,0.226220584970585
"6",2,23,0.278327545851584
"6",2,24,0.387378913821221
"6",2,26,0.249741689933998
"6",2,27,0.22912307244038
"6",2,28,0.254043974188205
"6",2,29,0.229503218469565
"6",3,1,0.263957487491141
"6",3,2,0.361631891079006
"6",3,4,0.232209804084804
"6",3,5,0.237759404057481
"6",3,6,0.250221210413518
"6",3,7,0.22161891260449
"6",3,8,0.249005137490714
"6",3,9,0.2691422226278
"6",3,11,0.222578527241989
"6",3,12,0.24790679406064
"6",3,13,0.2524636234492
"6",3,14,0.275376178308871
"6",3,15,0.297123778998779
"6",3,16,0.330576322715746
"6",3,18,0.268061727268458
"6",3,19,0.278675288386827
"6",3,20,0.267746193443309
"6",3,21,0.253328255611909
"6",3,22,0.267974239969432
"6",3,23,0.310727701785394
"6",3,25,0
"6",3,26,0
"6",3,27,0
"6",3,28,0.00490499084249084
"6",3,29,0.220007625921087
"6",3,30,0.266343290790406
"6",4,1,0.162006409722756
"6",4,2,0.213542557869481
"6",4,3,0.237623074041343
"6",4,4,0.277206860980899
"6",4,5,0.269894248379825
"6",4,6,0.315298403519557
"6",4,8,0.201187522413484
"6",4,9,0.239312159528506
"6",4,10,0.238439215698831
"6",4,11,0.252775106837607
"6",4,12,0.311718519194481
"6",4,13,0.385209646123108
"6",4,15,0.257046001541194
"6",4,16,0.220386021563906
"6",4,17,0.247752418521649
"6",4,18,0.245888427811505
"6",4,19,0.262921923162308
"6",4,20,0.333270170000939
"6",4,22,0.226795186650956
"6",4,23,0.246002651194959
"6",4,24,0.230780210708095
"6",4,25,0.181533984178215
"6",4,26,0.236578301506186
"6",4,27,0.303651658170889
"6",4,29,0.19434354107431
"6",4,30,0.22063737811334
"6",5,1,0.202629421860191
"6",5,2,0.241087990535106
"6",5,3,0.260980333768795
"6",5,4,0.333354201887856
"6",5,6,0.214339906887984
"6",5,7,0.213631830242407
"6",5,8,0.220561825994518
"6",5,9,0.237893599456099
"6",5,10,0.294829083843507
"6",5,11,0.289912075104383
"6",5,13,0.211093305732729
"6",5,14,0.198072024129716
"6",5,15,0.210225167460744
"6",5,16,0.21540160960834
"6",5,17,0.194908883851192
"6",5,18,0.314661903267672
"6",5,20,0.208048858193089
"6",5,21,0.188446529432106
"6",5,22,0.218959307252576
"6",5,23,0.217346817178548
"6",5,24,0.257579317050471
"6",5,25,0.246323516227362
"6",5,27,0
"6",5,28,0.192376517713056
"6",5,29,0.19438071810668
"6",5,30,0.208238633695364
"6",5,31,0.205872492891724
"6",6,1,0.247354600527677
"6",6,3,0.210534564260526
"6",6,4,0.251879442672712
"6",6,5,0.242295922560346
"6",6,6,0.205740413432721
"6",6,7,0.212761810838734
"6",6,8,0.254905871372217
"6",6,10,0.196539451467336
"6",6,11,0.215497899536361
"6",6,12,0.210154172750327
"6",6,13,0.221244012397859
"6",6,14,0.267773876764261
"6",6,15,0.240037788066634
"6",6,17,0.209614279950818
"6",6,18,0.202696248729903
"6",6,19,0
"6",6,20,0.232740168485361
"6",6,21,0.253349479046594
"6",6,22,0.252225224028109
"6",6,24,0.215621221726991
"6",6,25,0.183253632051709
"6",6,26,0.191364444850022
"6",6,27,0.196333228737075
"6",6,28,0.217224738402623
"6",6,29,0.215060481719136
"6",7,1,0.218727754617178
"6",7,2,0.173524605736144
"6",7,3,0.233239911797604
"6",7,4,0
"6",7,5,0.229344733791849
"6",7,6,0.286732685049993
"6",7,8,0.213906406093906
"6",7,9,0.224201871846103
"6",7,10,0.217626150558843
"6",7,11,0.197777396214896
"6",7,12,0.238327924746194
"6",7,13,0.245813865621558
"6",7,15,0.190532464330541
"6",7,16,0.167927526533296
"6",7,17,0.219835044762929
"6",7,18,0.189868059291136
"6",7,19,0.242287272022849
"6",7,20,0.240648806321883
"6",7,22,0.230286967306198
"6",7,23,0.205933609659571
"6",7,24,0.198716096937251
"6",7,25,0.213401222175261
"6",7,26,0.231109192623616
"6",7,27,0.261287638643408
"6",7,29,0.170598434684973
"6",7,30,0.18785632369767
"6",7,31,0.20867421040498
"6",8,1,0.199709064973488
"6",8,2,0.215305578502694
"6",8,3,0.351245581341735
"6",8,5,0.215354930859739
"6",8,6,0.194180885887617
"6",8,7,0.223167017277594
"6",8,8,0.181420283776053
"6",8,9,0.22131332609698
"6",8,10,0.280386515194207
"6",8,12,0.211435074007189
"6",8,13,0.213466533466533
"6",8,14,0.201654635428674
"6",8,15,0.188360288216057
"6",8,16,0.207168832769794
"6",8,17,0.271747131074054
"6",8,19,0.219729562638217
"6",8,20,0.19205824890921
"6",8,21,0.208134330946831
"6",8,22,0.197318151933537
"6",8,23,0.215402764970073
"6",8,24,0.293875029884645
"6",8,26,0.190126927025965
"6",8,27,0.192192214836446
"6",8,28,0.209462316529624
"6",8,29,0.187813079015002
"6",8,30,0.233567845082268
"6",8,31,0.250828058159789
"6",9,2,0
"6",9,3,0.23666546327604
"6",9,4,0.194319419896343
"6",9,5,0.209427162047354
"6",9,6,0.244751242347396
"6",9,7,0.31532338921762
"6",9,9,0.223451804605651
"6",9,10,0.209467589034897
"6",9,11,0.192294817895779
"6",9,12,0.185546795618911
"6",9,13,0.292098275655968
"6",9,14,0.326411739969432
"6",9,16,0.194893893499663
"6",9,17,0.208371113395152
"6",9,18,0.204014922043768
"6",9,19,0.183743374680875
"6",9,20,0.244485090230283
"6",9,21,0.28335578150482
"6",9,23,0.177008448282487
"6",9,24,0.200552463028425
"6",9,25,0.207179705977783
"6",9,26,0.187445118983581
"6",9,27,0.250975795038295
"6",9,28,0.2432335693153
"6",9,30,0.182610749293442
"6",10,1,0.205177376042761
"6",10,2,0.214326269350308
"6",10,3,0.207287979114902
"6",10,4,0.246714810296541
"6",10,5,0.282223727127573
"6",10,7,0.196477248712826
"6",10,8,0.227905166414782
"6",10,9,0.198772314757892
"6",10,10,0.210831753716369
"6",10,11,0.261305307939923
"6",10,12,0.357112812401274
"6",10,14,0.21064968685161
"6",10,15,0.215888395792242
"6",10,16,0.229000489361066
"6",10,17,0.236605088287781
"6",10,18,0.240435694113579
"6",10,19,0.356407315974624
"6",10,21,0.216487025261064
"6",10,22,0.18417198186429
"6",10,23,0.22922286047286
"6",10,24,0.20769409543448
"6",10,25,0.215250809553694
"6",10,26,0.251772052733591
"6",10,28,0.196742773786043
"6",10,29,0.235809543021081
"6",10,30,0.205512017362979
"6",10,31,0.241512680695373
"6",11,1,0.254145643352374
"6",11,2,0.286476402870634
"6",11,4,0.175684998761922
"6",11,5,0.229621137409599
"6",11,6,0.247566736148467
"6",11,7,0.25107211965385
"6",11,8,0.271054597112289
"6",11,9,0.339900780309434
"6",11,11,0
"6",11,12,0.254581711024019
"6",11,13,0.225546464753196
"6",11,14,0.274568551107013
"6",11,15,0.269927895288472
"6",11,16,0.448596406264675
"6",11,18,0.243257074122459
"6",11,19,0.267149100899101
"6",11,20,0.236764437485591
"6",11,21,0.246089351353774
"6",11,22,0.323852512338089
"6",11,23,0.416113742027204
"6",11,25,0.304364769845539
"6",11,26,0.313262877613839
"6",11,27,0.383064558304943
"6",11,28,0
"6",11,29,0.363954651118113
"6",11,30,0.432961048033163
"6",12,2,0.280373595421672
"6",12,3,0.282163082643852
"6",12,4,0.296762911234065
"6",12,5,0.275128525320833
"6",12,6,0.289844437080014
"6",12,7,0.40040743978244
"6",12,9,0.261281160079237
"6",12,10,0.30410770052597
"6",12,11,0.260703799405722
"6",12,12,0.287435302411264
"6",12,13,0.294892887561157
"6",12,14,0.445423678885217
"6",12,16,0.328640504794351
"6",12,17,0.353365694134925
"6",12,18,0.301547573686997
"6",12,19,0.353919272501003
"6",12,20,0.385195805796767
"6",12,21,0.543932189605266
"6",12,23,0.499918561673369
"6",12,24,0.247184383458422
"6",12,25,0
"6",12,26,0.251465388244234
"6",12,27,0.300028790653791
"6",12,28,0.297907618556657
"6",12,30,0.350150605270797
"6",12,31,0.230722842862266
"7",1,1,0.00954464285714286
"7",1,2,0.207448908730159
"7",1,3,0.291109126984127
"7",1,4,0.229611607142857
"7",1,5,0.25566369047619
"7",1,6,0.228580853174603
"7",1,8,0.169103670634921
"7",1,9,0.177226686507936
"7",1,10,0.233067956349206
"7",1,11,0.167285714285714
"7",1,12,0.264813492063492
"7",1,13,0.283697916666667
"7",1,15,0
"7",1,16,0.301710813492063
"7",1,17,0.277078373015873
"7",1,18,0.21771130952381
"7",1,19,0.317662202380952
"7",1,20,0.342988095238095
"7",1,22,0.326612103174603
"7",1,23,0.300250496031746
"7",1,24,0.252982142857143
"7",1,25,0.379106646825397
"7",1,26,0.337111607142857
"7",1,27,0.424696924603175
"7",1,29,0.307900793650794
"7",1,30,0.30877380952381
"7",1,31,0.343825396825397
"7",2,1,0.316398313492063
"7",2,2,0.342699404761905
"7",2,3,0.425068452380952
"7",2,5,0.283674603174603
"7",2,6,0.31022123015873
"7",2,7,0.350387400793651
"7",2,8,0.284517361111111
"7",2,9,0.357100694444444
"7",2,10,0.442415178571428
"7",2,12,0.243172619047619
"7",2,13,0.291832341269841
"7",2,14,0.564980654761905
"7",2,15,0.524352678571428
"7",2,16,0.385188988095238
"7",2,17,0.44902876984127
"7",2,19,0.263991071428571
"7",2,20,0.342391369047619
"7",2,21,0.31512003968254
"7",2,22,0.305058035714286
"7",2,23,0.376638888888889
"7",2,24,0.419678075396825
"7",2,26,0.242177083333333
"7",2,27,0.308732638888889
"7",2,28,0.355920138888889
"7",2,29,0.386636904761905
"7",3,1,0.402125496031746
"7",3,2,0.571555059523809
"7",3,4,0.276845238095238
"7",3,5,0.365552579365079
"7",3,6,0.39959126984127
"7",3,7,0.39165376984127
"7",3,8,0.436380456349206
"7",3,9,0.426426091269841
"7",3,11,0.319387896825397
"7",3,12,0.326821428571429
"7",3,13,0.402110119047619
"7",3,14,0.444162202380952
"7",3,15,0.40581498015873
"7",3,16,0.46419246031746
"7",3,18,0.232751984126984
"7",3,19,0.299687003968254
"7",3,20,0.314199900793651
"7",3,21,0.336615575396825
"7",3,22,0.338133928571429
"7",3,23,0.367478670634921
"7",3,25,0
"7",3,26,0
"7",3,27,0
"7",3,28,0.00319444444444445
"7",3,29,0.246619047619048
"7",3,30,0.128794146825397
"7",4,1,0.15718998015873
"7",4,2,0.322
"7",4,3,0.316610119047619
"7",4,4,0.324270337301587
"7",4,5,0.427056547619048
"7",4,6,0.484244047619048
"7",4,8,0.284762400793651
"7",4,9,0.282000496031746
"7",4,10,0.335388888888889
"7",4,11,0.384084325396825
"7",4,12,0.359674603174603
"7",4,13,0.426566468253968
"7",4,15,0.244400297619048
"7",4,16,0.31472619047619
"7",4,17,0.409459821428571
"7",4,18,0.331976686507937
"7",4,19,0.347019841269841
"7",4,20,0.375754464285714
"7",4,22,0.214785218253968
"7",4,23,0.248308035714286
"7",4,24,0.302290674603175
"7",4,25,0.355600694444444
"7",4,26,0.369543650793651
"7",4,27,0.403809027777778
"7",4,29,0.261471726190476
"7",4,30,0.283681547619048
"7",5,1,0.325737599206349
"7",5,2,0.346414682539683
"7",5,3,0.381625496031746
"7",5,4,0.396649305555555
"7",5,6,0.216132936507936
"7",5,7,0.295036706349206
"7",5,8,0.392883928571429
"7",5,9,0.341048611111111
"7",5,10,0.389644345238095
"7",5,11,0.377351686507936
"7",5,13,0.233297619047619
"7",5,14,0.230852678571429
"7",5,15,0.326486607142857
"7",5,16,0.355621527777778
"7",5,17,0.339789186507937
"7",5,18,0.412984126984127
"7",5,20,0.258009920634921
"7",5,21,0.361266369047619
"7",5,22,0.398944444444444
"7",5,23,0.322359623015873
"7",5,24,0.425487103174603
"7",5,25,0.492772817460317
"7",5,27,0
"7",5,28,0.271905257936508
"7",5,29,0.31196378968254
"7",5,30,0.333659226190476
"7",5,31,0.342616071428571
"7",6,1,0.353464285714286
"7",6,3,0.275186011904762
"7",6,4,0.314717261904762
"7",6,5,0.382847718253968
"7",6,6,0.374008432539683
"7",6,7,0.417438492063492
"7",6,8,0.441692956349206
"7",6,10,0.262901785714286
"7",6,11,0.272628968253968
"7",6,12,0.317223214285714
"7",6,13,0.325769841269841
"7",6,14,0.313919642857143
"7",6,15,0.36415873015873
"7",6,17,0.221012400793651
"7",6,18,0.281542658730159
"7",6,19,0
"7",6,20,0.373136408730159
"7",6,21,0.436893353174603
"7",6,22,0.405311011904762
"7",6,24,0.290124007936508
"7",6,25,0.275701388888889
"7",6,26,0.3425
"7",6,27,0.394794642857143
"7",6,28,0.440061011904762
"7",6,29,0.557213293650794
"7",7,1,0.266774801587302
"7",7,2,0.289197420634921
"7",7,3,0.349787698412698
"7",7,4,0
"7",7,5,0.377
"7",7,6,0.325212301587302
"7",7,8,0.27065376984127
"7",7,9,0.329277777777778
"7",7,10,0.333187996031746
"7",7,11,0.348833829365079
"7",7,12,0.393834821428571
"7",7,13,0.317687003968254
"7",7,15,0.273834821428571
"7",7,16,0.28805753968254
"7",7,17,0.325847718253968
"7",7,18,0.303121527777778
"7",7,19,0.409911706349206
"7",7,20,0.376892361111111
"7",7,22,0.301215277777778
"7",7,23,0.310736111111111
"7",7,24,0.336516865079365
"7",7,25,0.308160714285714
"7",7,26,0.335565476190476
"7",7,27,0.367020833333333
"7",7,29,0.234537698412698
"7",7,30,0.281584325396825
"7",7,31,0.377989087301587
"7",8,1,0.322379464285714
"7",8,2,0.376437996031746
"7",8,3,0.361427579365079
"7",8,5,0.262532738095238
"7",8,6,0.254263392857143
"7",8,7,0.368199404761905
"7",8,8,0.35628621031746
"7",8,9,0.326503968253968
"7",8,10,0.432037698412698
"7",8,12,0.223634920634921
"7",8,13,0.380926587301587
"7",8,14,0.37240128968254
"7",8,15,0.398672619047619
"7",8,16,0.386605158730159
"7",8,17,0.453806547619048
"7",8,19,0.23097123015873
"7",8,20,0.30869494047619
"7",8,21,0.369789186507937
"7",8,22,0.369922619047619
"7",8,23,0.370190972222222
"7",8,24,0.394111111111111
"7",8,26,0.260813988095238
"7",8,27,0.322939484126984
"7",8,28,0.419654761904762
"7",8,29,0.332964781746032
"7",8,30,0.411404265873016
"7",8,31,0.357164186507937
"7",9,2,0
"7",9,3,0.323704365079365
"7",9,4,0.371729662698413
"7",9,5,0.322785714285714
"7",9,6,0.388374007936508
"7",9,7,0.489139384920635
"7",9,9,0.312898313492063
"7",9,10,0.354203373015873
"7",9,11,0.424833829365079
"7",9,12,0.323176587301587
"7",9,13,0.438118055555555
"7",9,14,0.430244543650794
"7",9,16,0.249312996031746
"7",9,17,0.333449404761905
"7",9,18,0.315824900793651
"7",9,19,0.343283234126984
"7",9,20,0.358009920634921
"7",9,21,0.383748511904762
"7",9,23,0.232906746031746
"7",9,24,0.306185515873016
"7",9,25,0.354231150793651
"7",9,26,0.387618551587302
"7",9,27,0.404428571428571
"7",9,28,0.472601686507936
"7",9,30,0.275979662698413
"7",10,1,0.333950396825397
"7",10,2,0.343409722222222
"7",10,3,0.360017361111111
"7",10,4,0.432979166666667
"7",10,5,0.403572916666667
"7",10,7,0.275780257936508
"7",10,8,0.378097718253968
"7",10,9,0.290152281746032
"7",10,10,0.283829365079365
"7",10,11,0.36143253968254
"7",10,12,0.471865575396825
"7",10,14,0.15177380952381
"7",10,15,0.284151785714286
"7",10,16,0.315335813492063
"7",10,17,0.369712301587302
"7",10,18,0.396374007936508
"7",10,19,0.41343253968254
"7",10,21,0.258649305555556
"7",10,22,0.283837797619048
"7",10,23,0.369399801587302
"7",10,24,0.308223214285714
"7",10,25,0.347013888888889
"7",10,26,0.350919642857143
"7",10,28,0.232545634920635
"7",10,29,0.327302083333333
"7",10,30,0.263566964285714
"7",10,31,0.302
"7",11,1,0.252464285714286
"7",11,2,0.401731150793651
"7",11,4,0.202244543650794
"7",11,5,0.30763244047619
"7",11,6,0.329104662698413
"7",11,7,0.347601686507936
"7",11,8,0.31034871031746
"7",11,9,0.423385912698413
"7",11,11,0
"7",11,12,0.278425099206349
"7",11,13,0.283347718253968
"7",11,14,0.283200396825397
"7",11,15,0.285263888888889
"7",11,16,0.339844742063492
"7",11,18,0.183649305555556
"7",11,19,0.251133928571429
"7",11,20,0.277606646825397
"7",11,21,0.249001984126984
"7",11,22,0.340730158730159
"7",11,23,0.485816468253968
"7",11,25,0.26996875
"7",11,26,0.418035218253968
"7",11,27,0.383477182539683
"7",11,28,0
"7",11,29,0.298024305555556
"7",11,30,0.404104166666667
"7",12,2,0.163947420634921
"7",12,3,0.223482638888889
"7",12,4,0.272810515873016
"7",12,5,0.240683531746032
"7",12,6,0.309955853174603
"7",12,7,0.311111111111111
"7",12,9,0.188095238095238
"7",12,10,0.264113095238095
"7",12,11,0.231884920634921
"7",12,12,0.255050099206349
"7",12,13,0.296942956349206
"7",12,14,0.317727678571429
"7",12,16,0.197603670634921
"7",12,17,0.309476686507936
"7",12,18,0.324278273809524
"7",12,19,0.309138392857143
"7",12,20,0.34834126984127
"7",12,21,0.352308531746032
"7",12,23,0.310617063492063
"7",12,24,0.163565476190476
"7",12,25,0
"7",12,26,0.292569444444444
"7",12,27,0.379102678571428
"7",12,28,0.327494047619048
"7",12,30,0.321859126984127
"7",12,31,0.272352678571429
"8",1,1,0.00588868971501644
"8",1,2,0.41977877188716
"8",1,3,0.42438052059204
"8",1,4,0.42057882097736
"8",1,5,0.465946223128524
"8",1,6,0.505057476239541
"8",1,8,0.278367697531078
"8",1,9,0.416059870316937
"8",1,10,0.401083939117578
"8",1,11,0.306823788351791
"8",1,12,0.450382578162528
"8",1,13,0.512368181443898
"8",1,15,0
"8",1,16,0.384481000120226
"8",1,17,0.474017354780757
"8",1,18,0.376279641503826
"8",1,19,0.484664511436457
"8",1,20,0.541785310096636
"8",1,22,0.417725349556001
"8",1,23,0.375866318710523
"8",1,24,0.385459194942933
"8",1,25,0.433004374211119
"8",1,26,0.478603942347561
"8",1,27,0.546718918911967
"8",1,29,0.442031754038657
"8",1,30,0.452595530928256
"8",1,31,0.456176992502326
"8",2,1,0.494837855889188
"8",2,2,0.494579216138216
"8",2,3,0.537208407943828
"8",2,5,0.469272704588633
"8",2,6,0.411996990301119
"8",2,7,0.455310991573636
"8",2,8,0.446959947807959
"8",2,9,0.531935275971212
"8",2,10,0.540508017451432
"8",2,12,0.428419637143591
"8",2,13,0.485413305300277
"8",2,14,0.436007759922284
"8",2,15,0.431872428647621
"8",2,16,0.456007264910915
"8",2,17,0.562709445282436
"8",2,19,0.417881684274238
"8",2,20,0.436139230921335
"8",2,21,0.430985542403478
"8",2,22,0.48369115967125
"8",2,23,0.548218424329699
"8",2,24,0.553711075445751
"8",2,26,0.452868720851016
"8",2,27,0.387094852569912
"8",2,28,0.43494211796922
"8",2,29,0.473001444642047
"8",3,1,0.508246594365798
"8",3,2,0.611228300028643
"8",3,4,0.470873194455065
"8",3,5,0.492247212584451
"8",3,6,0.467856607456204
"8",3,7,0.461425279753201
"8",3,8,0.52349692514997
"8",3,9,0.562003015858965
"8",3,11,0.446134616491062
"8",3,12,0.532106546271857
"8",3,13,0.546673353755502
"8",3,14,0.530746571199997
"8",3,15,0.546478631107753
"8",3,16,0.558394885976559
"8",3,18,0.427600169832174
"8",3,19,0.453128566553422
"8",3,20,0.473279784802706
"8",3,21,0.499885177537616
"8",3,22,0.517529998944031
"8",3,23,0.552185869750149
"8",3,25,0
"8",3,26,0
"8",3,27,0.000785024154589372
"8",3,28,0.0102671382562687
"8",3,29,0.464128241296656
"8",3,30,0.345060210784888
"8",4,1,0.265355036012207
"8",4,2,0.411443553689814
"8",4,3,0.483632444756452
"8",4,4,0.441715213179462
"8",4,5,0.518414180502403
"8",4,6,0.517786813368352
"8",4,8,0.375630218005828
"8",4,9,0.415808794380957
"8",4,10,0.459408678468903
"8",4,11,0.456935850088588
"8",4,12,0.476673985963409
"8",4,13,0.515972070780402
"8",4,15,0.410120255831623
"8",4,16,0.454905516301132
"8",4,17,0.442023566648188
"8",4,18,0.416197974541636
"8",4,19,0.490275878739766
"8",4,20,0.556578211382732
"8",4,22,0.414677674249736
"8",4,23,0.429863322201372
"8",4,24,0.431145349741754
"8",4,25,0.407297263674783
"8",4,26,0.510020286472917
"8",4,27,0.531213819939309
"8",4,29,0.420116355048311
"8",4,30,0.436006789336208
"8",5,1,0.503367507553052
"8",5,2,0.43824294419218
"8",5,3,0.48977674530993
"8",5,4,0.518755549112331
"8",5,6,0.427310815823772
"8",5,7,0.440132949785603
"8",5,8,0.490754339895409
"8",5,9,0.501903042086302
"8",5,10,0.480685926968784
"8",5,11,0.525539258586321
"8",5,13,0.401296554929867
"8",5,14,0.410183983728173
"8",5,15,0.474565900572782
"8",5,16,0.464402713487474
"8",5,17,0.48848232909778
"8",5,18,0.500854734107388
"8",5,20,0.393096896814641
"8",5,21,0.400632360295644
"8",5,22,0.461189242955312
"8",5,23,0.426460092759271
"8",5,24,0.474664752391011
"8",5,25,0.450519722862812
"8",5,27,0
"8",5,28,0.402366114451729
"8",5,29,0.427606899151336
"8",5,30,0.46420454438343
"8",5,31,0.478538044121989
"8",6,1,0.510863744284561
"8",6,3,0.432997039705215
"8",6,4,0.463944678147254
"8",6,5,0.431302012938198
"8",6,6,0.4218399896149
"8",6,7,0.472813910079335
"8",6,8,0.442441336632618
"8",6,10,0.387932889942283
"8",6,11,0.425280931589381
"8",6,12,0.39808761888914
"8",6,13,0.393044186330152
"8",6,14,0.467965418529917
"8",6,15,0.493015052756766
"8",6,17,0.377667065115733
"8",6,18,0.412362149117571
"8",6,19,0
"8",6,20,0.446354314199427
"8",6,21,0.423006308068337
"8",6,22,0.348587653323759
"8",6,24,0.336613473333468
"8",6,25,0.277711634056692
"8",6,26,0.330235997302161
"8",6,27,0.395068994548038
"8",6,28,0.432170133145921
"8",6,29,0.41018626016429
"8",7,1,0.352746807066828
"8",7,2,0.337335561881913
"8",7,3,0.419895354476952
"8",7,4,0
"8",7,5,0.494390037148543
"8",7,6,0.438231819103862
"8",7,8,0.400060188099237
"8",7,9,0.363976006204402
"8",7,10,0.363932622276132
"8",7,11,0.410497879333591
"8",7,12,0.444394565092506
"8",7,13,0.447082793769953
"8",7,15,0.409941421894818
"8",7,16,0.41408737774237
"8",7,17,0.423692256179599
"8",7,18,0.441905207590634
"8",7,19,0.449776282066441
"8",7,20,0.528341975521008
"8",7,22,0.435407552653035
"8",7,23,0.431783834925139
"8",7,24,0.454509303786213
"8",7,25,0.446610734215413
"8",7,26,0.492252162778293
"8",7,27,0.494102036012514
"8",7,29,0.383791992716575
"8",7,30,0.451101538490824
"8",7,31,0.43066583294935
"8",8,1,0.446624924416442
"8",8,2,0.50260225178059
"8",8,3,0.534041861080439
"8",8,5,0.404882350715054
"8",8,6,0.433749612373998
"8",8,7,0.414439889769119
"8",8,8,0.423678613371742
"8",8,9,0.513629848884825
"8",8,10,0.520040645979227
"8",8,12,0.377451519810947
"8",8,13,0.422101269809743
"8",8,14,0.435381487977375
"8",8,15,0.449228024547331
"8",8,16,0.482172064180915
"8",8,17,0.538540919075665
"8",8,19,0.396035085377224
"8",8,20,0.373649636441828
"8",8,21,0.404761796668219
"8",8,22,0.42572566088001
"8",8,23,0.463192909458078
"8",8,24,0.538207812724752
"8",8,26,0.357347958043867
"8",8,27,0.381459985367523
"8",8,28,0.445734122135934
"8",8,29,0.409324415432598
"8",8,30,0.480303500726202
"8",8,31,0.557924091956886
"8",9,2,0
"8",9,3,0.410884683818373
"8",9,4,0.429432918055108
"8",9,5,0.44725247085985
"8",9,6,0.497400093833711
"8",9,7,0.592316582920963
"8",9,9,0.420143325656946
"8",9,10,0.414383119891175
"8",9,11,0.435913654377155
"8",9,12,0.41434199525214
"8",9,13,0.502568465815193
"8",9,14,0.527878123573666
"8",9,16,0.441312032205591
"8",9,17,0.423422781239664
"8",9,18,0.428181009316353
"8",9,19,0.432057568340572
"8",9,20,0.471664053638352
"8",9,21,0.561003500661269
"8",9,23,0.412556555016938
"8",9,24,0.401466343596366
"8",9,25,0.442493851500704
"8",9,26,0.459851132946275
"8",9,27,0.497918325897971
"8",9,28,0.52850487319785
"8",9,30,0.411252818738142
"8",10,1,0.488246383751124
"8",10,2,0.476819575412106
"8",10,3,0.45680804569129
"8",10,4,0.518570798508244
"8",10,5,0.532573287051779
"8",10,7,0.435847691455058
"8",10,8,0.420452452351396
"8",10,9,0.425626855445211
"8",10,10,0.513595610816666
"8",10,11,0.55358494949292
"8",10,12,0.582289480636659
"8",10,14,0.437073035175951
"8",10,15,0.440546979522443
"8",10,16,0.46033234151513
"8",10,17,0.496315739511463
"8",10,18,0.479202845597877
"8",10,19,0.547869045495648
"8",10,21,0.418643282231926
"8",10,22,0.453067564825507
"8",10,23,0.471630152714913
"8",10,24,0.431436683127468
"8",10,25,0.514118560248368
"8",10,26,0.601345777794025
"8",10,28,0.433256770743739
"8",10,29,0.447102737171526
"8",10,30,0.489652399714311
"8",10,31,0.497209866684544
"8",11,1,0.517489560471031
"8",11,2,0.581029693176533
"8",11,4,0.417836633762221
"8",11,5,0.463698382527713
"8",11,6,0.441940906513258
"8",11,7,0.402401397948986
"8",11,8,0.486339939181712
"8",11,9,0.545924643854597
"8",11,11,0
"8",11,12,0.444631531983867
"8",11,13,0.418172365766827
"8",11,14,0.481696367784119
"8",11,15,0.506622002417243
"8",11,16,0.592742999065317
"8",11,18,0.482424588420378
"8",11,19,0.476695153630601
"8",11,20,0.426477772244114
"8",11,21,0.474703767910895
"8",11,22,0.51375807825306
"8",11,23,0.561610046153836
"8",11,25,0.542066250127476
"8",11,26,0.565228541512686
"8",11,27,0.609688803403221
"8",11,28,0
"8",11,29,0.669042303786112
"8",11,30,0.647616366464832
"8",12,2,0.458488152405057
"8",12,3,0.511822944557549
"8",12,4,0.523480501194351
"8",12,5,0.501847636383013
"8",12,6,0.525672882084407
"8",12,7,0.610510740557378
"8",12,9,0.454310262389424
"8",12,10,0.516302750561222
"8",12,11,0.510601569170156
"8",12,12,0.540060773571967
"8",12,13,0.530981072861171
"8",12,14,0.581634161654168
"8",12,16,0.553031250699758
"8",12,17,0.558891026182809
"8",12,18,0.566670952880364
"8",12,19,0.58821995081593
"8",12,20,0.603392793192005
"8",12,21,0.61461160831654
"8",12,23,0.667150160477917
"8",12,24,0.424761107338174
"8",12,25,0
"8",12,26,0.524987539213116
"8",12,27,0.547061261391201
"8",12,28,0.540418971179033
"8",12,30,0.567657306545233
"8",12,31,0.466903336309342
